GEOGRAPHY_CODE,CELL,OBS_VALUE,CELL_NAME,geo_code,geometry
E01008181,0,1477,All usual residents,E01008181,"POLYGON ((-1.7076489869708515 54.968482576466215, -1.7076806 54.9684335, -1.7077453 54.9683419, -1.7078194 54.9682523, -1.7079012 54.9681653, -1.7079452 54.9681232, -1.7080364 54.9680407, -1.7081339 54.9679601, -1.708236 54.9678821, -1.7083443 54.9678069, -1.7084588 54.9677344, -1.708578 54.9676646, -1.7087019 54.9675984, -1.7088305 54.967534, -1.7089637 54.9674741, -1.7091015 54.9674169, -1.7092613 54.9673571, -1.7094679 54.967292, -1.7096823 54.9672341, -1.7099014 54.9671825, -1.7101251 54.9671363, -1.7103503 54.9670955, -1.7105786 54.9670565, -1.7106396 54.9670477, -1.7108991 54.9670105, -1.7111618 54.9669815, -1.7114259 54.9669579, -1.7116916 54.9669405, -1.7119587 54.9669286, -1.7122259 54.9669211, -1.712254 54.9669212, -1.7125211 54.96692, -1.7127882 54.9669242, -1.7129529421174776 54.966930185013254, -1.7076489869708515 54.968482576466215))"
E01008258,0,2320,All usual residents,E01008258,"POLYGON ((-1.6216452535918748 54.96087415771109, -1.6225889 54.9605844, -1.6243313 54.9601297, -1.6257274 54.9598006, -1.6269007 54.9595768, -1.6284194 54.9593254, -1.6292937146159294 54.95922100346821, -1.6216452535918748 54.96087415771109))"
E01008288,0,1321,All usual residents,E01008288,"POLYGON ((-1.673896082883586 54.97985807250719, -1.674082729859406 54.97606222579351, -1.668956556471524 54.97445304678516, -1.671297999855865 54.9714097278037, -1.673846593106365 54.97180385617809, -1.673966670113619 54.97462977983092, -1.683584126081761 54.975362429737416, -1.687111133158741 54.97845960047514, -1.679425777810464 54.97667258918846, -1.679786249258114 54.981384618468965, -1.678626480275115 54.98108724828873, -1.673896082883586 54.97985807250719))"
E01008289,0,1590,All usual residents,E01008289,"POLYGON ((-1.664845370306582 54.97749474296783, -1.664338615829928 54.97187800895938, -1.671297999855865 54.9714097278037, -1.668956556471524 54.97445304678516, -1.674082729859406 54.97606222579351, -1.673896082883586 54.97985807250719, -1.670129609065507 54.978873124614175, -1.664845370306582 54.97749474296783))"
E01008290,0,1277,All usual residents,E01008290,"POLYGON ((-1.660536055535125 54.97094608806133, -1.659664163155588 54.96715788512021, -1.666062470347266 54.96462309101487, -1.673948449024147 54.965373705444435, -1.673846593106365 54.97180385617809, -1.671297999855865 54.9714097278037, -1.664338615829928 54.97187800895938, -1.660615573571047 54.97096495298647, -1.660536055535125 54.97094608806133))"
E01008291,0,2133,All usual residents,E01008291,"POLYGON ((-1.653321011125672 54.969594908682424, -1.653311694739887 54.96959384241193, -1.648295432604723 54.9688892286006, -1.647216734804437 54.96880401034764, -1.647861099879801 54.96581681750574, -1.65744974924663 54.9637786208064, -1.666062470347266 54.96462309101487, -1.659664163155588 54.96715788512021, -1.660536055535125 54.97094608806133, -1.655278280397495 54.969773937944126, -1.653321011125672 54.969594908682424))"
E01008292,0,1342,All usual residents,E01008292,"POLYGON ((-1.68275397413691 54.98214551447837, -1.679786249258114 54.981384618468965, -1.679425777810464 54.97667258918846, -1.687111133158741 54.97845960047514, -1.685625093493362 54.97958279326671, -1.68275397413691 54.98214551447837))"
E01008293,0,1447,All usual residents,E01008293,"POLYGON ((-1.667176231366578 55.00194985831579, -1.671852948770637 55.00484773941977, -1.675722151277337 55.004288562329194, -1.673535808438033 55.00264063067264, -1.680300610156837 55.003680077609474, -1.680244280795206 55.00397362276536, -1.680247260449822 55.01022710195235, -1.680198352454019 55.01025420151486, -1.665717703012054 55.00894920738786, -1.667176231366578 55.00194985831579))"
E01008294,0,1517,All usual residents,E01008294,"POLYGON ((-1.680198352454019 55.01025420151486, -1.674941279520723 55.013763652069365, -1.666156655201633 55.01442299346868, -1.665717703012054 55.00894920738786, -1.680198352454019 55.01025420151486))"
E01008295,0,1588,All usual residents,E01008295,"POLYGON ((-1.657860715372188 55.0139261835454, -1.662160732411962 55.01009115682855, -1.659050484757455 55.00620441374493, -1.659368519504958 55.004220918331704, -1.667147221605741 55.00172194157583, -1.667176231366578 55.00194985831579, -1.665717703012054 55.00894920738786, -1.666156655201633 55.01442299346868, -1.664643532719837 55.01446934322554, -1.657858651102162 55.01392801809551, -1.657860715372188 55.0139261835454))"
E01008296,0,1409,All usual residents,E01008296,"POLYGON ((-1.667147221605741 55.00172194157583, -1.665028071286601 54.99925091994622, -1.671481167497073 54.997069871275905, -1.673239224510844 55.001713175875295, -1.680797978356251 55.00094040328301, -1.680300610156837 55.003680077609474, -1.673535808438033 55.00264063067264, -1.675722151277337 55.004288562329194, -1.671852948770637 55.00484773941977, -1.667176231366578 55.00194985831579, -1.667147221605741 55.00172194157583))"
E01008297,0,1397,All usual residents,E01008297,"POLYGON ((-1.66653075802661 54.98953360509078, -1.669166206283452 54.98994308261852, -1.66958378872917 54.98996668992889, -1.674325139249247 54.99679381543386, -1.671481167497073 54.997069871275905, -1.665028071286601 54.99925091994622, -1.663023634544082 54.99660853731884, -1.66653075802661 54.98953360509078))"
E01008298,0,1507,All usual residents,E01008298,"POLYGON ((-1.674325139249247 54.99679381543386, -1.676564108288379 54.9943446283102, -1.680168130659929 54.99578102691685, -1.683727321744956 54.99881531516112, -1.680797978356251 55.00094040328301, -1.673239224510844 55.001713175875295, -1.671481167497073 54.997069871275905, -1.674325139249247 54.99679381543386))"
E01008299,0,1342,All usual residents,E01008299,"POLYGON ((-1.671995393657515 54.990000084284425, -1.679768951931168 54.99510766741155, -1.680168130659929 54.99578102691685, -1.676564108288379 54.9943446283102, -1.674325139249247 54.99679381543386, -1.66958378872917 54.98996668992889, -1.671995393657515 54.990000084284425))"
E01008300,0,1672,All usual residents,E01008300,"POLYGON ((-1.65677300298897 54.98993628546328, -1.658617591662188 54.98969216132045, -1.66653075802661 54.98953360509078, -1.663023634544082 54.99660853731884, -1.659511031645092 54.99400666108008, -1.65677300298897 54.98993628546328))"
E01008301,0,1776,All usual residents,E01008301,"POLYGON ((-1.565563833006255 54.96461848143559, -1.582195388786011 54.96693590881559, -1.571371353899075 54.969728004096794, -1.573460200293951 54.971613439441434, -1.565462679641593 54.97175476462185, -1.565396789175271 54.96753022573351, -1.565563833006255 54.96461848143559))"
E01008302,0,1642,All usual residents,E01008302,"POLYGON ((-1.568055922055508 54.97579296698509, -1.565469680708307 54.97178493563851, -1.565462679641593 54.97175476462185, -1.573460200293951 54.971613439441434, -1.57769265617951 54.97158878344603, -1.573080179103351 54.975497620236524, -1.571558996730286 54.97639210639412, -1.568055922055508 54.97579296698509))"
E01008303,0,1977,All usual residents,E01008303,"POLYGON ((-1.575207727199246 54.982076697431815, -1.571558996730286 54.97639210639412, -1.573080179103351 54.975497620236524, -1.578467867768404 54.97542302673554, -1.584285464401258 54.97906045856065, -1.58054315594376 54.98030973039754, -1.575207727199246 54.982076697431815))"
E01008304,0,1900,All usual residents,E01008304,"POLYGON ((-1.592753962188523 54.97630189694683, -1.591136560816359 54.97695060133675, -1.584285464401258 54.97906045856065, -1.578467867768404 54.97542302673554, -1.580609066961248 54.97068092500755, -1.58827233769085 54.971322759379184, -1.592753962188523 54.97630189694683))"
E01008305,0,2176,All usual residents,E01008305,"POLYGON ((-1.571371353899075 54.969728004096794, -1.582195388786011 54.96693590881559, -1.58827233769085 54.971322759379184, -1.580609066961248 54.97068092500755, -1.578467867768404 54.97542302673554, -1.573080179103351 54.975497620236524, -1.57769265617951 54.97158878344603, -1.573460200293951 54.971613439441434, -1.571371353899075 54.969728004096794))"
E01008306,0,1636,All usual residents,E01008306,"POLYGON ((-1.651983831813954 55.071229105170445, -1.652493456562971 55.07119627915842, -1.659821832141267 55.06233186899613, -1.652948672017935 55.053273245739305, -1.65259328149518 55.05322026473976, -1.651122364890392 55.041301441970504, -1.667675435809877 55.041112268326444, -1.678853992300441 55.03866653308752, -1.680267670303438 55.0413003102066, -1.687258377169873 55.03985198948664, -1.6949008212822332 55.04288764299288, -1.6948701 55.0429209, -1.6948744 55.0429721, -1.6949843 55.043127, -1.6950005943300719 55.04316155001469, -1.695013311565779 55.043201611157116, -1.6950272 55.0432556, -1.6950269 55.0432888, -1.6950126 55.0433193, -1.694992 55.0433489, -1.6948645 55.0434439, -1.6945259 55.0437387, -1.6944232 55.0438633, -1.6943629 55.0439683, -1.6943336 55.0441147, -1.6943075 55.0442611, -1.6943059 55.0444732, -1.6944453 55.0448608, -1.6944242 55.0449632, -1.6943683 55.0451114, -1.69436 55.0451688, -1.6943581 55.0452237, -1.6943776 55.045327, -1.6943115 55.0453808, -1.6943979 55.0455446, -1.6943896 55.0455994, -1.694372 55.0456541, -1.6942976 55.0457663, -1.6941495 55.0458935, -1.6940877 55.0459895, -1.6939839 55.0460557, -1.6939711 55.0461042, -1.6940513 55.0462599, -1.6939635 55.0466847, -1.6940344 55.0468233, -1.6942099 55.0470025, -1.6942337 55.0471742, -1.6944082 55.0474757, -1.694632 55.0476847, -1.6946779 55.0478295, -1.6947093 55.0480201, -1.6948164 55.0483466, -1.6949248 55.0484978, -1.6950329 55.0486814, -1.6949292 55.0489399, -1.6948215 55.0491149, -1.6946682 55.0493032, -1.6946316 55.0493876, -1.6946199 55.049481, -1.694666 55.0496007, -1.6947047 55.0496583, -1.6947496 55.0497168, -1.6948894 55.0498555, -1.6949219 55.0499068, -1.6950869 55.0502254, -1.6952468 55.050401, -1.6954365 55.050574, -1.6955766 55.0506714, -1.6960272 55.0509062, -1.6967044 55.0511819, -1.6973401 55.051773, -1.6979132 55.0523729, -1.6979247804356314 55.05237316162183, -1.697926625666194 55.052378974366526, -1.7017308176742514 55.05249099370948, -1.70214 55.0525055, -1.7032196736358851 55.05253483499463, -1.7105280470671538 55.05275003948171, -1.711007 55.0547159, -1.7118135 55.0579348, -1.7122877 55.0597035, -1.7126116 55.0610405, -1.7130685 55.0628397, -1.7134618 55.0643278, -1.7137464 55.0654733, -1.7121474 55.0655271, -1.710104451363999 55.06561123699069, -1.706997200212028 55.06572334464062, -1.7040939 55.0658214, -1.7041236 55.0662555, -1.7041704131644153 55.066468530436225, -1.704604055349105 55.07084439892036, -1.7045997 55.0709267, -1.7045091329774804 55.0709234669159, -1.6914078189983344 55.069732673818855, -1.6913247 55.0697202, -1.6906129 55.0704382, -1.6907004 55.0708662, -1.690825 55.0713652, -1.6909957 55.072178, -1.6911051 55.0728199, -1.6910314 55.0728314, -1.6903383 55.0729446, -1.6884035 55.0732318, -1.6883205 55.0732405, -1.6883189 55.0732405, -1.6877751 55.0732859, -1.6870841 55.0733353, -1.6863992 55.0734036, -1.6858207 55.0734821, -1.6852513 55.0735939, -1.6849924 55.0736615, -1.684595 55.0738043, -1.6839987 55.0739609, -1.6837178327723172 55.074037343985516, -1.652676889481475 55.07911874162461, -1.6526443 55.0791153, -1.6523061 55.0790982, -1.6516829 55.0790767, -1.6510032 55.0790729, -1.650199 55.0791452, -1.6491002 55.0792382, -1.647675372992253 55.079381488137216, -1.6449096109515993 55.07579270931134, -1.6448817 55.0757457, -1.6444754 55.075119, -1.6443286 55.0748931, -1.6438625 55.0741135, -1.6432453 55.0730729, -1.6426307 55.0720997, -1.6417924 55.0707448, -1.6416604 55.0706231, -1.6412625 55.0702895, -1.6411304 55.0701804, -1.6409501 55.0700262, -1.640787 55.0698792, -1.6404992 55.0696636, -1.6401756 55.0694272, -1.6398470258164102 55.069223634289585, -1.639635878412604 55.06894965506766, -1.651983831813954 55.071229105170445))"
E01008307,0,1029,All usual residents,E01008307,"POLYGON ((-1.639304756576663 55.06829073666613, -1.639196946871913 55.068075623035654, -1.637889437835734 55.06476942024882, -1.637886627923205 55.0647610748752, -1.6379456 55.0647532, -1.6381341 55.0646882, -1.6385982 55.0646096, -1.6388493 55.0645483, -1.6390094 55.0645021, -1.6390975 55.0644574, -1.639376 55.0643081, -1.6395608 55.0641281, -1.6395942 55.0640742, -1.6396197 55.0640177, -1.6396406 55.0639621, -1.6396536 55.0639046, -1.6396635 55.0638462, -1.6396855 55.0636665, -1.6396753 55.0635776, -1.6395955 55.0634066, -1.6394779 55.0632436, -1.63931 55.0631191, -1.6390947 55.0630241, -1.6384796 55.0628336, -1.6380704 55.0627146, -1.6378196 55.0625809, -1.6374376 55.0622266, -1.6370456 55.0617707, -1.6369445 55.0615224, -1.6368814 55.0612365, -1.6367852 55.0609621, -1.6367769 55.0608471, -1.63664 55.0605726, -1.6364173 55.0602682, -1.6361393 55.0595062, -1.6359109 55.058792, -1.635835726471852 55.05866994616914, -1.635092348970925 55.05646213260874, -1.6350609317820561 55.05636888921877, -1.635034 55.0562383, -1.6349822 55.0559029, -1.634908 55.0556313, -1.6348671 55.0554829, -1.6347602673150818 55.0554765441314, -1.6347136183076967 55.05533809407447, -1.6347838 55.05517, -1.6347539 55.0550225, -1.6346079 55.0547264, -1.6343963019944476 55.05439632780552, -1.6333810534568882 55.05138316148739, -1.633258854875887 55.05093533274698, -1.633234359194963 55.050839939081364, -1.6332241078572687 55.05080799318662, -1.6331879 55.0506753, -1.6331298897465745 55.05051438449508, -1.63239288024763 55.04821766687844, -1.6324210996998751 55.048192898586315, -1.6342172 55.0479542, -1.6347711 55.047449, -1.6349159 55.0473551, -1.6353978 55.0472029, -1.6359579 55.0468829, -1.6360618 55.0468068, -1.6367104 55.0465697, -1.6369004 55.0464903, -1.6372605 55.0463116, -1.6380006 55.0459759, -1.6383214 55.0458062, -1.6385231 55.0456576, -1.6387756 55.0454175, -1.6390708 55.0451407, -1.6392257 55.0449641, -1.6395639 55.0446048, -1.639746 55.0443609, -1.6397001 55.044075, -1.6396571 55.0439778, -1.6395507 55.0438086, -1.6394243 55.0435872, -1.6390582 55.0428798, -1.6389163 55.0425156, -1.6389082090502474 55.04249914457279, -1.638915771444954 55.04249250703781, -1.651122364890392 55.041301441970504, -1.65259328149518 55.05322026473976, -1.652948672017935 55.053273245739305, -1.659821832141267 55.06233186899613, -1.652493456562971 55.07119627915842, -1.651983831813954 55.071229105170445, -1.639635878412604 55.06894965506766, -1.639304756576663 55.06829073666613))"
E01008308,0,1395,All usual residents,E01008308,"POLYGON ((-1.6260599121378012 55.04031886176101, -1.6260482 55.0402134, -1.6245747181711905 55.04002187307057, -1.628951878301449 55.034254548103114, -1.647346307184707 55.02341805327109, -1.652777037880276 55.024750787938046, -1.652955040318931 55.02476561253974, -1.656377990807525 55.02498970379203, -1.665016712718092 55.02448593669309, -1.667675435809877 55.041112268326444, -1.651122364890392 55.041301441970504, -1.638915771444954 55.04249250703781, -1.6389041176456012 55.042490823446904, -1.6387684 55.0422148, -1.6386325 55.0418442, -1.6385358 55.0416363, -1.6384944 55.0415445, -1.6371202 55.0415728, -1.6361875 55.0415781, -1.6333775 55.0415212, -1.6320986853932689 55.04150581576413, -1.6260599121378012 55.04031886176101))"
E01008309,0,1829,All usual residents,E01008309,"POLYGON ((-1.627492852288755 55.01985663485179, -1.631616813643297 55.023689491028804, -1.628560041112588 55.029486887875834, -1.622814297900713 55.02917035557514, -1.625531494923938 55.02331875873197, -1.627492852288755 55.01985663485179))"
E01008311,0,1677,All usual residents,E01008311,"POLYGON ((-1.64721139226847 55.023422373343614, -1.65387515615284 55.017493053887215, -1.655162990676819 55.016345728091295, -1.664574508088835 55.01830559185211, -1.668773409891511 55.01912100422468, -1.666478307024025 55.02219050364977, -1.659261974050555 55.02104615005866, -1.656377990807525 55.02498970379203, -1.652955040318931 55.02476561253974, -1.652777037880276 55.024750787938046, -1.647346307184707 55.02341805327109, -1.64721139226847 55.023422373343614))"
E01008312,0,1264,All usual residents,E01008312,"POLYGON ((-1.664643532719837 55.01446934322554, -1.666156655201633 55.01442299346868, -1.674941279520723 55.013763652069365, -1.668773409891511 55.01912100422468, -1.664574508088835 55.01830559185211, -1.664643532719837 55.01446934322554))"
E01008313,0,1217,All usual residents,E01008313,"POLYGON ((-1.657858651102162 55.01392801809551, -1.664643532719837 55.01446934322554, -1.664574508088835 55.01830559185211, -1.655162990676819 55.016345728091295, -1.657858651102162 55.01392801809551))"
E01008314,0,1495,All usual residents,E01008314,"POLYGON ((-1.582614981520262 54.99828852070594, -1.570227646082684 55.00012830095134, -1.569503770526561 54.9990078435849, -1.571509528993241 54.99383980624222, -1.575991863033392 54.99324741966456, -1.583748151510905 54.99696751072429, -1.585045397676225 54.99845046548528, -1.582614981520262 54.99828852070594))"
E01008315,0,1556,All usual residents,E01008315,"POLYGON ((-1.592637922977636 54.989657963377795, -1.58872952403208 54.998579783749015, -1.585045397676225 54.99845046548528, -1.583748151510905 54.99696751072429, -1.587087699181972 54.99551003419932, -1.583636817502268 54.99119085217892, -1.587636874942782 54.98951227571579, -1.58897051069977 54.9888874080444, -1.592637922977636 54.989657963377795))"
E01008316,0,1609,All usual residents,E01008316,"POLYGON ((-1.560547420760958 54.99595257694304, -1.5605880169813604 54.99588246864965, -1.5606037754681883 54.995856381176935, -1.571509528993241 54.99383980624222, -1.569503770526561 54.9990078435849, -1.560279120499778 54.99640794399641, -1.560547420760958 54.99595257694304))"
E01008317,0,1529,All usual residents,E01008317,"POLYGON ((-1.59771520289596 54.99756906656088, -1.598383835969071 54.998837661882874, -1.59118441627536 55.00193310375331, -1.594891485568875 55.003877965555255, -1.589972930546832 55.00402025697723, -1.58872952403208 54.998579783749015, -1.592637922977636 54.989657963377795, -1.593532383351658 54.992354699762465, -1.59771520289596 54.99756906656088))"
E01008318,0,1405,All usual residents,E01008318,"POLYGON ((-1.581135997792523 54.991978485766076, -1.583636817502268 54.99119085217892, -1.587087699181972 54.99551003419932, -1.583748151510905 54.99696751072429, -1.575991863033392 54.99324741966456, -1.577029250191779 54.99304189880285, -1.581135997792523 54.991978485766076))"
E01008319,0,1870,All usual residents,E01008319,"POLYGON ((-1.560279120499778 54.99640794399641, -1.569503770526561 54.9990078435849, -1.570227646082684 55.00012830095134, -1.571979682837182 55.00392807808281, -1.5719652923084977 55.00392980324196, -1.5719689 55.0039153, -1.5717846 55.0039206, -1.5714223 55.0039742, -1.5713201362671165 55.00400714556003, -1.5585192697593775 55.00554173351328, -1.5585046500690256 55.005538426093274, -1.5586685306363284 55.00371774945604, -1.5587255 55.0033905, -1.5588046457853708 55.00220554043752, -1.558843780983485 55.00177075709455, -1.560279120499778 54.99640794399641))"
E01008320,0,1462,All usual residents,E01008320,"POLYGON ((-1.5864106447080015 55.008673077239514, -1.5857792 55.0087047, -1.5838891 55.0088804, -1.5829838 55.0090119, -1.5821526 55.0091494, -1.5807679 55.0094127, -1.5792098007421735 55.00978204784652, -1.5783568902953533 55.0079602225811, -1.578357 55.0079573, -1.5783259 55.0077278, -1.5781746 55.0072336, -1.5780116096234722 55.00722269960428, -1.577293089064236 55.00568793248608, -1.580138016217508 55.001426496199734, -1.587737272668912 55.00526412001763, -1.586699470500146 55.0086281678134, -1.5864106447080015 55.008673077239514))"
E01008321,0,1756,All usual residents,E01008321,"POLYGON ((-1.5897728235220545 55.008688483698634, -1.5896317 55.0086763, -1.5889998 55.008663, -1.5883708 55.0086362, -1.5879661 55.0086312, -1.5873867976616598 55.008641656906875, -1.586699470500146 55.0086281678134, -1.587737272668912 55.00526412001763, -1.589972930546832 55.00402025697723, -1.594891485568875 55.003877965555255, -1.59118441627536 55.00193310375331, -1.598383835969071 54.998837661882874, -1.603005930490593 54.99941346901602, -1.603465802548159 55.00317572570874, -1.601077345320729 55.0097424666292, -1.60047038792424 55.00974837571849, -1.590824016847254 55.00870911382329, -1.5897728235220545 55.008688483698634))"
E01008322,0,1530,All usual residents,E01008322,"POLYGON ((-1.585045397676225 54.99845046548528, -1.58872952403208 54.998579783749015, -1.589972930546832 55.00402025697723, -1.587737272668912 55.00526412001763, -1.580138016217508 55.001426496199734, -1.582614981520262 54.99828852070594, -1.585045397676225 54.99845046548528))"
E01008323,0,1670,All usual residents,E01008323,"POLYGON ((-1.5772864878969692 55.005689506270514, -1.5771239 55.0053179, -1.5744258 55.0056762, -1.574610228461491 55.0063275533399, -1.5726952144681072 55.00678411186711, -1.5726158308961211 55.0067923713633, -1.571979682837182 55.00392807808281, -1.570227646082684 55.00012830095134, -1.582614981520262 54.99828852070594, -1.580138016217508 55.001426496199734, -1.577293089064236 55.00568793248608, -1.5772864878969692 55.005689506270514))"
E01008324,0,1350,All usual residents,E01008324,"POLYGON ((-1.684546354427731 54.994462009976615, -1.69230199672095 54.991583917605524, -1.696628458877023 54.995065330107536, -1.69701523514738 54.99631715133604, -1.687518206336497 54.99593878508322, -1.684546354427731 54.994462009976615))"
E01008325,0,1420,All usual residents,E01008325,"POLYGON ((-1.69230199672095 54.991583917605524, -1.69379207784644 54.98872306549146, -1.701900629251416 54.99052540282539, -1.70628791098684 54.993993537702856, -1.709027531351524 54.994478154433146, -1.70807990468985 54.996372334057014, -1.696628458877023 54.995065330107536, -1.69230199672095 54.991583917605524))"
E01008326,0,1488,All usual residents,E01008326,"POLYGON ((-1.710898578271106 54.9896114350754, -1.705733989430128 54.987378707173036, -1.707352834266434 54.98763013414823, -1.717426587161577 54.989500766719694, -1.713095223146678 54.99430581134319, -1.709275576704962 54.994000549749266, -1.709027531351524 54.994478154433146, -1.70628791098684 54.993993537702856, -1.710898578271106 54.9896114350754))"
E01008327,0,1295,All usual residents,E01008327,"POLYGON ((-1.684915338745314 54.99138433681538, -1.691894540133563 54.98622927399051, -1.69379207784644 54.98872306549146, -1.69230199672095 54.991583917605524, -1.684546354427731 54.994462009976615, -1.682142263617326 54.99320608625006, -1.684915338745314 54.99138433681538))"
E01008328,0,1267,All usual residents,E01008328,"POLYGON ((-1.717426587161577 54.989500766719694, -1.723214622964501 54.99146534668083, -1.729968729458855 54.99502213761479, -1.724062869508963 54.995092929276794, -1.713095223146678 54.99430581134319, -1.717426587161577 54.989500766719694))"
E01008329,0,1462,All usual residents,E01008329,"POLYGON ((-1.699418693050187 54.986227421344736, -1.705733989430128 54.987378707173036, -1.710898578271106 54.9896114350754, -1.70628791098684 54.993993537702856, -1.701900629251416 54.99052540282539, -1.699418693050187 54.986227421344736))"
E01008330,0,1385,All usual residents,E01008330,"POLYGON ((-1.691894540133563 54.98622927399051, -1.693790904097122 54.98495055601803, -1.699418693050187 54.986227421344736, -1.701900629251416 54.99052540282539, -1.69379207784644 54.98872306549146, -1.691894540133563 54.98622927399051))"
E01008331,0,1882,All usual residents,E01008331,"POLYGON ((-1.642967506546516 54.97390274079349, -1.639621969974582 54.9734328285681, -1.637717390177065 54.973127747624254, -1.637876806658691 54.96902819027946, -1.640713433949309 54.96873569055921, -1.642967506546516 54.97390274079349))"
E01008332,0,2271,All usual residents,E01008332,"POLYGON ((-1.655278280397495 54.969773937944126, -1.660536055535125 54.97094608806133, -1.660615573571047 54.97096495298647, -1.658775167307635 54.97488852933828, -1.655010481884938 54.97441470838293, -1.655278280397495 54.969773937944126))"
E01008333,0,1851,All usual residents,E01008333,"POLYGON ((-1.648295432604723 54.9688892286006, -1.651355546095819 54.97524331582278, -1.649222566843994 54.974894436218534, -1.642967506546516 54.97390274079349, -1.640713433949309 54.96873569055921, -1.64185065844689 54.968817043269134, -1.647216734804437 54.96880401034764, -1.648295432604723 54.9688892286006))"
E01008334,0,2040,All usual residents,E01008334,"POLYGON ((-1.659894082695293 54.97660219874154, -1.653592860481044 54.975609231330075, -1.653582268908532 54.975607490160534, -1.655010481884938 54.97441470838293, -1.658775167307635 54.97488852933828, -1.660615573571047 54.97096495298647, -1.664338615829928 54.97187800895938, -1.664845370306582 54.97749474296783, -1.663934840255733 54.977285775169996, -1.659894082695293 54.97660219874154))"
E01008335,0,2079,All usual residents,E01008335,"POLYGON ((-1.653239239583615 54.975551410088904, -1.651355546095819 54.97524331582278, -1.648295432604723 54.9688892286006, -1.653311694739887 54.96959384241193, -1.653321011125672 54.969594908682424, -1.655278280397495 54.969773937944126, -1.655010481884938 54.97441470838293, -1.653582268908532 54.975607490160534, -1.653280105280325 54.975558088432614, -1.653239239583615 54.975551410088904))"
E01008336,0,1366,All usual residents,E01008336,"POLYGON ((-1.639908411895799 55.01687190555249, -1.63523854444301 55.01426784316953, -1.638966856639725 55.01089396706806, -1.6430111482434 55.012570820158295, -1.64413166488398 55.01413859652862, -1.639908411895799 55.01687190555249))"
E01008337,0,1445,All usual residents,E01008337,"POLYGON ((-1.652411314393942 55.017325615014464, -1.640816161819872 55.01916579230466, -1.639908411895799 55.01687190555249, -1.64413166488398 55.01413859652862, -1.652411314393942 55.017325615014464))"
E01008338,0,1259,All usual residents,E01008338,"POLYGON ((-1.64413166488398 55.01413859652862, -1.6430111482434 55.012570820158295, -1.644928391450356 55.01070824010435, -1.651703317036811 55.012155164861994, -1.657860715372188 55.0139261835454, -1.657858651102162 55.01392801809551, -1.655162990676819 55.016345728091295, -1.65387515615284 55.017493053887215, -1.652411314393942 55.017325615014464, -1.64413166488398 55.01413859652862))"
E01008339,0,1457,All usual residents,E01008339,"POLYGON ((-1.652918747746062 55.00948395145665, -1.653538671692226 55.009537881333756, -1.653475655433057 55.00673830245766, -1.659050484757455 55.00620441374493, -1.662160732411962 55.01009115682855, -1.657860715372188 55.0139261835454, -1.651703317036811 55.012155164861994, -1.652918747746062 55.00948395145665))"
E01008340,0,1488,All usual residents,E01008340,"POLYGON ((-1.646255143898088 55.006430994418494, -1.646904975415246 55.00643725033386, -1.650939102186124 55.00671247953865, -1.652971933645711 55.00676139919941, -1.653284276573423 55.0067486435002, -1.653475655433057 55.00673830245766, -1.653538671692226 55.009537881333756, -1.652918747746062 55.00948395145665, -1.651703317036811 55.012155164861994, -1.644928391450356 55.01070824010435, -1.646255143898088 55.006430994418494))"
E01008341,0,1423,All usual residents,E01008341,"POLYGON ((-1.638831293277951 55.009857699241685, -1.641226798525362 55.00673732482101, -1.646255143898088 55.006430994418494, -1.644928391450356 55.01070824010435, -1.6430111482434 55.012570820158295, -1.638966856639725 55.01089396706806, -1.638831293277951 55.009857699241685))"
E01008342,0,1388,All usual residents,E01008342,"POLYGON ((-1.640816161819872 55.01916579230466, -1.652411314393942 55.017325615014464, -1.65387515615284 55.017493053887215, -1.64721139226847 55.023422373343614, -1.641869606867719 55.022963609611566, -1.640816161819872 55.01916579230466))"
E01008343,0,1547,All usual residents,E01008343,"POLYGON ((-1.673896082883586 54.97985807250719, -1.678626480275115 54.98108724828873, -1.67111976026223 54.98859075315822, -1.667181788666813 54.986561268104104, -1.670129609065507 54.978873124614175, -1.673896082883586 54.97985807250719))"
E01008344,0,1602,All usual residents,E01008344,"POLYGON ((-1.66958378872917 54.98996668992889, -1.669166206283452 54.98994308261852, -1.67111976026223 54.98859075315822, -1.678626480275115 54.98108724828873, -1.679786249258114 54.981384618468965, -1.68275397413691 54.98214551447837, -1.68620392314071 54.98302607906215, -1.68682613605362 54.98577104851021, -1.678853363517062 54.98751140840949, -1.671995393657515 54.990000084284425, -1.66958378872917 54.98996668992889))"
E01008345,0,1591,All usual residents,E01008345,"POLYGON ((-1.68682613605362 54.98577104851021, -1.68620392314071 54.98302607906215, -1.693790904097122 54.98495055601803, -1.691894540133563 54.98622927399051, -1.684915338745314 54.99138433681538, -1.678853363517062 54.98751140840949, -1.68682613605362 54.98577104851021))"
E01008346,0,1626,All usual residents,E01008346,"POLYGON ((-1.656696779866759 54.98386943764645, -1.65380437285505 54.98084443533078, -1.657962840488143 54.98097144234313, -1.665090122973388 54.981631947884885, -1.664058076920489 54.98528152361456, -1.663466770099126 54.98508590327524, -1.656696779866759 54.98386943764645))"
E01008347,0,1430,All usual residents,E01008347,"POLYGON ((-1.665090122973388 54.981631947884885, -1.663934840255733 54.977285775169996, -1.664845370306582 54.97749474296783, -1.670129609065507 54.978873124614175, -1.667181788666813 54.986561268104104, -1.664058076920489 54.98528152361456, -1.665090122973388 54.981631947884885))"
E01008348,0,1177,All usual residents,E01008348,"POLYGON ((-1.663934840255733 54.977285775169996, -1.665090122973388 54.981631947884885, -1.657962840488143 54.98097144234313, -1.659894082695293 54.97660219874154, -1.663934840255733 54.977285775169996))"
E01008349,0,1565,All usual residents,E01008349,"POLYGON ((-1.652981668587715 54.9794416905829, -1.653253748576325 54.976300110533245, -1.653288245733357 54.97622980433649, -1.653592860481044 54.975609231330075, -1.659894082695293 54.97660219874154, -1.657962840488143 54.98097144234313, -1.65380437285505 54.98084443533078, -1.652981668587715 54.9794416905829))"
E01008350,0,1301,All usual residents,E01008350,"POLYGON ((-1.678853363517062 54.98751140840949, -1.684915338745314 54.99138433681538, -1.682142263617326 54.99320608625006, -1.679768951931168 54.99510766741155, -1.671995393657515 54.990000084284425, -1.678853363517062 54.98751140840949))"
E01008351,0,1469,All usual residents,E01008351,"POLYGON ((-1.605781637015437 55.008989801894295, -1.606278197542341 55.01145761918906, -1.617394997112408 55.00992152881172, -1.62077084477301 55.012252936601584, -1.610045906037053 55.016549940112164, -1.601375267188617 55.00995349988937, -1.605781637015437 55.008989801894295))"
E01008352,0,1484,All usual residents,E01008352,"POLYGON ((-1.62349311323245 55.01691488818732, -1.62831858323106 55.01407903040518, -1.624818055168726 55.01163302875851, -1.62806401097838 55.00950112017259, -1.629798675080187 55.00928604939463, -1.633407385605331 55.01102800705007, -1.629836816125532 55.01329491609214, -1.63523854444301 55.01426784316953, -1.639908411895799 55.01687190555249, -1.640816161819872 55.01916579230466, -1.641869606867719 55.022963609611566, -1.631616813643297 55.023689491028804, -1.627492852288755 55.01985663485179, -1.62349311323245 55.01691488818732))"
E01008353,0,1533,All usual residents,E01008353,"POLYGON ((-1.636152391543159 55.00703145862542, -1.638831293277951 55.009857699241685, -1.638966856639725 55.01089396706806, -1.63523854444301 55.01426784316953, -1.629836816125532 55.01329491609214, -1.633407385605331 55.01102800705007, -1.629798675080187 55.00928604939463, -1.636152391543159 55.00703145862542))"
E01008354,0,1708,All usual residents,E01008354,"POLYGON ((-1.606748015368449 55.008369631802594, -1.61105943483554 55.00572871355988, -1.617257286557177 55.00732209080198, -1.617394997112408 55.00992152881172, -1.606278197542341 55.01145761918906, -1.605781637015437 55.008989801894295, -1.606748015368449 55.008369631802594))"
E01008355,0,1554,All usual residents,E01008355,"POLYGON ((-1.617257286557177 55.00732209080198, -1.617269242102701 55.007320858610356, -1.626258430924071 55.0060829579992, -1.62806401097838 55.00950112017259, -1.624818055168726 55.01163302875851, -1.62077084477301 55.012252936601584, -1.617394997112408 55.00992152881172, -1.617257286557177 55.00732209080198))"
E01008356,0,1523,All usual residents,E01008356,"POLYGON ((-1.62806401097838 55.00950112017259, -1.626258430924071 55.0060829579992, -1.629309258222124 55.00531241113954, -1.638632100944309 55.00230670025412, -1.641226798525362 55.00673732482101, -1.638831293277951 55.009857699241685, -1.636152391543159 55.00703145862542, -1.629798675080187 55.00928604939463, -1.62806401097838 55.00950112017259))"
E01008357,0,1637,All usual residents,E01008357,"POLYGON ((-1.625531494923938 55.02331875873197, -1.609533188968841 55.02292033523122, -1.610407127212591 55.018096082174914, -1.62349311323245 55.01691488818732, -1.627492852288755 55.01985663485179, -1.625531494923938 55.02331875873197))"
E01008358,0,1477,All usual residents,E01008358,"POLYGON ((-1.62077084477301 55.012252936601584, -1.624818055168726 55.01163302875851, -1.62831858323106 55.01407903040518, -1.62349311323245 55.01691488818732, -1.610407127212591 55.018096082174914, -1.609533188968841 55.02292033523122, -1.601143956403384 55.021606193902116, -1.610045906037053 55.016549940112164, -1.62077084477301 55.012252936601584))"
E01008359,0,1607,All usual residents,E01008359,"POLYGON ((-1.575529582465239 54.9828175043559, -1.582052507031093 54.98476548743752, -1.582187517207263 54.98509566530952, -1.582157006318199 54.9858494389089, -1.577345047723682 54.98703836657589, -1.5771799449402 54.987046425578676, -1.575735543020935 54.98334564689198, -1.575529582465239 54.9828175043559))"
E01008360,0,1668,All usual residents,E01008360,"POLYGON ((-1.575196380576261 54.98207990644581, -1.575529582465239 54.9828175043559, -1.575735543020935 54.98334564689198, -1.57049185518022 54.98634943759249, -1.573732893742167 54.987082947963735, -1.573645630216441 54.98959555955454, -1.565133232084391 54.98891739661605, -1.575196380576261 54.98207990644581))"
E01008361,0,1593,All usual residents,E01008361,"POLYGON ((-1.5771799449402 54.987046425578676, -1.573732893742167 54.987082947963735, -1.57049185518022 54.98634943759249, -1.575735543020935 54.98334564689198, -1.5771799449402 54.987046425578676))"
E01008362,0,1795,All usual residents,E01008362,"POLYGON ((-1.581203884066604 54.981503538876204, -1.582052507031093 54.98476548743752, -1.575529582465239 54.9828175043559, -1.575196380576261 54.98207990644581, -1.575207727199246 54.982076697431815, -1.58054315594376 54.98030973039754, -1.581203884066604 54.981503538876204))"
E01008363,0,1595,All usual residents,E01008363,"POLYGON ((-1.563070745660414 54.99156487142934, -1.565133232084391 54.98891739661605, -1.573645630216441 54.98959555955454, -1.577029250191779 54.99304189880285, -1.575991863033392 54.99324741966456, -1.571509528993241 54.99383980624222, -1.5606037754681883 54.995856381176935, -1.5614416 54.9944694, -1.5619646 54.9936964, -1.562965 54.9923078, -1.562575082821096 54.992234396272025, -1.563070745660414 54.99156487142934))"
E01008364,0,1696,All usual residents,E01008364,"POLYGON ((-1.573732893742167 54.987082947963735, -1.5771799449402 54.987046425578676, -1.577345047723682 54.98703836657589, -1.581135997792523 54.991978485766076, -1.577029250191779 54.99304189880285, -1.573645630216441 54.98959555955454, -1.573732893742167 54.987082947963735))"
E01008365,0,1679,All usual residents,E01008365,"POLYGON ((-1.582157006318199 54.9858494389089, -1.585075730641327 54.986964557481095, -1.587636874942782 54.98951227571579, -1.583636817502268 54.99119085217892, -1.581135997792523 54.991978485766076, -1.577345047723682 54.98703836657589, -1.582157006318199 54.9858494389089))"
E01008366,0,2081,All usual residents,E01008366,"POLYGON ((-1.592637922977636 54.989657963377795, -1.58897051069977 54.9888874080444, -1.593691184812126 54.98794828865829, -1.596700581079828 54.987850721066, -1.594822046087174 54.98961389357549, -1.601676910764135 54.99212131913587, -1.601559962606666 54.99270600875601, -1.593532383351658 54.992354699762465, -1.592637922977636 54.989657963377795))"
E01008367,0,2192,All usual residents,E01008367,"POLYGON ((-1.593691184812126 54.98794828865829, -1.597231066891226 54.98511801888038, -1.603584408501157 54.98300079619886, -1.600681255119118 54.98716513214848, -1.6056692900948 54.9878881860691, -1.605657482831234 54.990709850581865, -1.602473734221986 54.99196277845256, -1.602827200852982 54.98819603650871, -1.596700581079828 54.987850721066, -1.593691184812126 54.98794828865829))"
E01008368,0,1816,All usual residents,E01008368,"POLYGON ((-1.601676910764135 54.99212131913587, -1.594822046087174 54.98961389357549, -1.596700581079828 54.987850721066, -1.602827200852982 54.98819603650871, -1.602473734221986 54.99196277845256, -1.601676910764135 54.99212131913587))"
E01008369,0,1997,All usual residents,E01008369,"POLYGON ((-1.608920478203396 54.99592345006947, -1.611725893388901 54.991917564314875, -1.606438910911914 54.99232093192366, -1.605657482831234 54.990709850581865, -1.6056692900948 54.9878881860691, -1.613788642417489 54.987214416622116, -1.616382790944637 54.995391116275265, -1.616239959852188 54.99546483463852, -1.611310457964615 54.99795897300289, -1.60827690828135 54.99619098048205, -1.608920478203396 54.99592345006947))"
E01008370,0,1716,All usual residents,E01008370,"POLYGON ((-1.607546141692537 54.98127304564345, -1.613788642417489 54.987214416622116, -1.6056692900948 54.9878881860691, -1.600681255119118 54.98716513214848, -1.603584408501157 54.98300079619886, -1.607546141692537 54.98127304564345))"
E01008371,0,1365,All usual residents,E01008371,"POLYGON ((-1.601559962606666 54.99270600875601, -1.60827690828135 54.99619098048205, -1.611310457964615 54.99795897300289, -1.59771520289596 54.99756906656088, -1.593532383351658 54.992354699762465, -1.601559962606666 54.99270600875601))"
E01008372,0,1935,All usual residents,E01008372,"POLYGON ((-1.601676910764135 54.99212131913587, -1.602473734221986 54.99196277845256, -1.605657482831234 54.990709850581865, -1.606438910911914 54.99232093192366, -1.608920478203396 54.99592345006947, -1.60827690828135 54.99619098048205, -1.601559962606666 54.99270600875601, -1.601676910764135 54.99212131913587))"
E01008373,0,2348,All usual residents,E01008373,"POLYGON ((-1.606438910911914 54.99232093192366, -1.611725893388901 54.991917564314875, -1.608920478203396 54.99592345006947, -1.606438910911914 54.99232093192366))"
E01008374,0,1580,All usual residents,E01008374,"POLYGON ((-1.638470000896242 55.00213218446774, -1.644090436781371 55.00020023608568, -1.646346640660687 55.0007241005265, -1.646876986443312 55.00235436640519, -1.646904975415246 55.00643725033386, -1.646255143898088 55.006430994418494, -1.641226798525362 55.00673732482101, -1.638632100944309 55.00230670025412, -1.638470000896242 55.00213218446774))"
E01008375,0,1514,All usual residents,E01008375,"POLYGON ((-1.652815727346908 55.00081687199141, -1.646876986443312 55.00235436640519, -1.646346640660687 55.0007241005265, -1.65451368961435 54.99777127408434, -1.657116855536431 54.99882750556578, -1.659368519504958 55.004220918331704, -1.659050484757455 55.00620441374493, -1.653475655433057 55.00673830245766, -1.653284276573423 55.0067486435002, -1.652971933645711 55.00676139919941, -1.650939102186124 55.00671247953865, -1.652815727346908 55.00081687199141))"
E01008376,0,1197,All usual residents,E01008376,"POLYGON ((-1.646904975415246 55.00643725033386, -1.646876986443312 55.00235436640519, -1.652815727346908 55.00081687199141, -1.650939102186124 55.00671247953865, -1.646904975415246 55.00643725033386))"
E01008377,0,2215,All usual residents,E01008377,"POLYGON ((-1.659511031645092 54.99400666108008, -1.663023634544082 54.99660853731884, -1.665028071286601 54.99925091994622, -1.667147221605741 55.00172194157583, -1.659368519504958 55.004220918331704, -1.657116855536431 54.99882750556578, -1.659511031645092 54.99400666108008))"
E01008378,0,1452,All usual residents,E01008378,"POLYGON ((-1.640935873549282 54.99728588370075, -1.639241658574032 54.99938116699894, -1.644090436781371 55.00020023608568, -1.638470000896242 55.00213218446774, -1.635532813911787 55.00034798423254, -1.629402699980212 54.99635910548985, -1.640935873549282 54.99728588370075))"
E01008379,0,1527,All usual residents,E01008379,"POLYGON ((-1.639241658574032 54.99938116699894, -1.640935873549282 54.99728588370075, -1.629402699980212 54.99635910548985, -1.628646270122266 54.99510568279032, -1.638141513648282 54.9891445066152, -1.65451368961435 54.99777127408434, -1.646346640660687 55.0007241005265, -1.644090436781371 55.00020023608568, -1.639241658574032 54.99938116699894))"
E01008380,0,1702,All usual residents,E01008380,"POLYGON ((-1.638141513648282 54.9891445066152, -1.638640519369375 54.98874368605457, -1.655130942505857 54.989436917180754, -1.65677300298897 54.98993628546328, -1.659511031645092 54.99400666108008, -1.657116855536431 54.99882750556578, -1.65451368961435 54.99777127408434, -1.638141513648282 54.9891445066152))"
E01008381,0,1376,All usual residents,E01008381,"POLYGON ((-1.707352834266434 54.98763013414823, -1.70896138482036 54.98533779749398, -1.71379503552636 54.98396164325132, -1.724495867140071 54.98193193795373, -1.724304074960377 54.98369475032567, -1.723214622964501 54.99146534668083, -1.717426587161577 54.989500766719694, -1.707352834266434 54.98763013414823))"
E01008382,0,1339,All usual residents,E01008382,"POLYGON ((-1.710182940847626 54.97786670066146, -1.711878151644361 54.98080159923597, -1.71379503552636 54.98396164325132, -1.70896138482036 54.98533779749398, -1.705708283161776 54.98036840610919, -1.710182940847626 54.97786670066146))"
E01008383,0,1494,All usual residents,E01008383,"POLYGON ((-1.720405771468588 54.97775046124562, -1.726708470313095 54.97888071287523, -1.724495867140071 54.98193193795373, -1.71379503552636 54.98396164325132, -1.711878151644361 54.98080159923597, -1.720405771468588 54.97775046124562))"
E01008384,0,1399,All usual residents,E01008384,"POLYGON ((-1.699418693050187 54.986227421344736, -1.693790904097122 54.98495055601803, -1.694318649176626 54.98417053997267, -1.699089851413383 54.985700487894526, -1.702106383625654 54.98051713686642, -1.705708283161776 54.98036840610919, -1.70896138482036 54.98533779749398, -1.707352834266434 54.98763013414823, -1.705733989430128 54.987378707173036, -1.699418693050187 54.986227421344736))"
E01008385,0,1398,All usual residents,E01008385,"POLYGON ((-1.708485192176429 54.97459076003126, -1.720405771468588 54.97775046124562, -1.711878151644361 54.98080159923597, -1.710182940847626 54.97786670066146, -1.708485192176429 54.97459076003126))"
E01008386,0,1364,All usual residents,E01008386,"POLYGON ((-1.6960807682976 54.98163271095311, -1.69786134459219 54.97548590965222, -1.702106383625654 54.98051713686642, -1.699089851413383 54.985700487894526, -1.694318649176626 54.98417053997267, -1.6960807682976 54.98163271095311))"
E01008387,0,1364,All usual residents,E01008387,"POLYGON ((-1.697434249962338 54.97095304906287, -1.712002239443546 54.97431248577457, -1.702575961628674 54.971264066806846, -1.7036850511341894 54.970785530452495, -1.7038646 54.970766, -1.704082 54.9707387, -1.7042978 54.970706, -1.7045105 54.9706688, -1.7047201 54.9706252, -1.7047436 54.970619, -1.704922 54.9705781, -1.7050988 54.9705327, -1.705271 54.9704855, -1.7054432 54.9704347, -1.7056092 54.9703803, -1.7057721 54.9703223, -1.7059319 54.9702606, -1.7060854 54.9701954, -1.7062343 54.9701257, -1.7062908 54.9700971, -1.7063927 54.9700461, -1.706493 54.9699933, -1.7065887 54.9699396, -1.7066813 54.9698823, -1.7067692 54.9698241, -1.7068509 54.9697623, -1.7069216 54.9697014, -1.7070034 54.9696225, -1.7070774 54.96954, -1.7071436 54.9694557, -1.7072052 54.9693696, -1.7072605 54.9692816, -1.7072827 54.9692395, -1.7072857983942975 54.96923192413107, -1.711007589887685 54.967626091126576, -1.719383178776795 54.96805194012862, -1.728031568930246 54.976090141863644, -1.726708470313095 54.97888071287523, -1.720405771468588 54.97775046124562, -1.708485192176429 54.97459076003126, -1.710182940847626 54.97786670066146, -1.705708283161776 54.98036840610919, -1.702106383625654 54.98051713686642, -1.69786134459219 54.97548590965222, -1.697434249962338 54.97095304906287))"
E01008388,0,1801,All usual residents,E01008388,"POLYGON ((-1.568055922055508 54.97579296698509, -1.56223261914375 54.97565083902834, -1.559268865422613 54.97419919753352, -1.559300067665333 54.97412703851525, -1.558739679158831 54.97236965824288, -1.565469680708307 54.97178493563851, -1.568055922055508 54.97579296698509))"
E01008389,0,1739,All usual residents,E01008389,"POLYGON ((-1.556974367502679 54.96716472577271, -1.556972581550988 54.967159814595306, -1.565396789175271 54.96753022573351, -1.565462679641593 54.97175476462185, -1.565469680708307 54.97178493563851, -1.558739679158831 54.97236965824288, -1.55761583949546 54.969112751776805, -1.556974367502679 54.96716472577271))"
E01008390,0,1792,All usual residents,E01008390,"POLYGON ((-1.556765244018189 54.961133424901995, -1.565563833006255 54.96461848143559, -1.565396789175271 54.96753022573351, -1.556972581550988 54.967159814595306, -1.556765244018189 54.961133424901995))"
E01008391,0,1485,All usual residents,E01008391,"POLYGON ((-1.567156139063922 54.97970580003129, -1.557290854964572 54.98057198878537, -1.559268865422613 54.97419919753352, -1.56223261914375 54.97565083902834, -1.567156139063922 54.97970580003129))"
E01008392,0,1551,All usual residents,E01008392,"POLYGON ((-1.557473810720368 54.98088080690398, -1.557290854964572 54.98057198878537, -1.567156139063922 54.97970580003129, -1.56223261914375 54.97565083902834, -1.568055922055508 54.97579296698509, -1.571558996730286 54.97639210639412, -1.575207727199246 54.982076697431815, -1.575196380576261 54.98207990644581, -1.565133232084391 54.98891739661605, -1.563070745660414 54.99156487142934, -1.558835116798841 54.985142771728434, -1.557473810720368 54.98088080690398))"
E01008394,0,1439,All usual residents,E01008394,"POLYGON ((-1.623570309050058 54.9820498348196, -1.624206094303712 54.98088357720263, -1.628859640373799 54.98520268316663, -1.626304124793154 54.984841803450074, -1.624055009758076 54.98370482006309, -1.623570309050058 54.9820498348196))"
E01008395,0,1522,All usual residents,E01008395,"POLYGON ((-1.627884382032782 54.97481912697958, -1.630146310657438 54.97774463350289, -1.625177631586368 54.979926314602025, -1.624206094303712 54.98088357720263, -1.623570309050058 54.9820498348196, -1.624055009758076 54.98370482006309, -1.626304124793154 54.984841803450074, -1.628859640373799 54.98520268316663, -1.63604576693187 54.98152062123356, -1.640082266497719 54.98402296861288, -1.641197791564271 54.98477023223102, -1.638640519369375 54.98874368605457, -1.638141513648282 54.9891445066152, -1.628646270122266 54.99510568279032, -1.6230041482417 54.995498483101436, -1.614998078864708 54.97675852364937, -1.62373568699063 54.97507809105253, -1.627884382032782 54.97481912697958))"
E01008396,0,2991,All usual residents,E01008396,"POLYGON ((-1.630146310657438 54.97774463350289, -1.635483798528966 54.97865275796596, -1.636939391453338 54.975737070719084, -1.639441413845787 54.975682941043544, -1.639655407722588 54.98041522197702, -1.625177631586368 54.979926314602025, -1.630146310657438 54.97774463350289))"
E01008397,0,1794,All usual residents,E01008397,"POLYGON ((-1.616382790944637 54.995391116275265, -1.613788642417489 54.987214416622116, -1.607546141692537 54.98127304564345, -1.606416249396933 54.97543347706452, -1.606524677704576 54.97513043837766, -1.621373888504462 54.97366389901238, -1.62373568699063 54.97507809105253, -1.614998078864708 54.97675852364937, -1.6230041482417 54.995498483101436, -1.616382790944637 54.995391116275265))"
E01008398,0,1695,All usual residents,E01008398,"POLYGON ((-1.637717390177065 54.973127747624254, -1.639621969974582 54.9734328285681, -1.639671079873249 54.974565532229526, -1.639441413845787 54.975682941043544, -1.636939391453338 54.975737070719084, -1.630775981228282 54.97192085015071, -1.637717390177065 54.973127747624254))"
E01008399,0,1896,All usual residents,E01008399,"POLYGON ((-1.627884382032782 54.97481912697958, -1.629549978636176 54.971731739856075, -1.630775981228282 54.97192085015071, -1.636939391453338 54.975737070719084, -1.635483798528966 54.97865275796596, -1.630146310657438 54.97774463350289, -1.627884382032782 54.97481912697958))"
E01008400,0,1317,All usual residents,E01008400,"POLYGON ((-1.755847569566049 54.993413172138055, -1.752129378384963 54.99061100591654, -1.75738701874234 54.9901372215289, -1.7547910617895 54.987410810067864, -1.746511220368097 54.98933241917513, -1.743397296171352 54.98675552116984, -1.747166377521521 54.984535207732904, -1.740000539109857 54.979975736189445, -1.752456185762791 54.98344258238512, -1.7697005976345987 54.98140217989343, -1.7697512 54.9814998, -1.7700212 54.9819252, -1.7703397 54.9825108, -1.7710426 54.9839274, -1.7711442 54.984199, -1.7711597 54.9844983, -1.7711965 54.9846161, -1.7712349 54.9847294, -1.7713314 54.9848068, -1.7713072 54.9849326, -1.771333 54.9850827, -1.7713669 54.9851538, -1.7714072 54.9852212, -1.7715191 54.9853257, -1.7717939 54.9856479, -1.7721776 54.9860449, -1.7722238 54.9861591, -1.7722667 54.9863219, -1.7723452 54.9865242, -1.7724735 54.9867716, -1.7726021 54.9869794, -1.7727798 54.9873248, -1.7725908 54.9875814, -1.7726079 54.9876057, -1.7726296 54.9876282, -1.7728991 54.9877806, -1.7731532 54.9879078, -1.7736942 54.988128, -1.7739702 54.9882301, -1.774194408844686 54.988353414864584, -1.775534879256916 54.990502773091876, -1.7755312381166304 54.9905223165414, -1.755847569566049 54.993413172138055))"
E01008401,0,1514,All usual residents,E01008401,"POLYGON ((-1.7547910617895 54.987410810067864, -1.75738701874234 54.9901372215289, -1.752129378384963 54.99061100591654, -1.755847569566049 54.993413172138055, -1.754244576819666 54.99471615351504, -1.748265895060644 54.99542987829266, -1.746511220368097 54.98933241917513, -1.7547910617895 54.987410810067864))"
E01008402,0,1476,All usual residents,E01008402,"POLYGON ((-1.746511220368097 54.98933241917513, -1.748265895060644 54.99542987829266, -1.747861463160902 55.0011348927468, -1.729968729458855 54.99502213761479, -1.723214622964501 54.99146534668083, -1.724304074960377 54.98369475032567, -1.731222394057644 54.9796861456643, -1.736864504574883 54.98568697055648, -1.743397296171352 54.98675552116984, -1.746511220368097 54.98933241917513))"
E01008403,0,1457,All usual residents,E01008403,"POLYGON ((-1.762151360964929 54.99562592686679, -1.754244576819666 54.99471615351504, -1.755847569566049 54.993413172138055, -1.7755312381166304 54.9905223165414, -1.7755054 54.990661, -1.7754578 54.9910599, -1.7753543 54.9911325, -1.7752879 54.9915502, -1.7752486 54.9918737, -1.7751886 54.9919814, -1.7751221 54.9921349, -1.7750678 54.9926093, -1.7750862 54.9932474, -1.7750744551283397 54.99417976211949, -1.7749662129871615 54.99502027434053, -1.7747953 54.995231, -1.7745549 54.9954489, -1.7740897 54.9959054, -1.7738117 54.9961439, -1.7735631 54.9961516, -1.7735963 54.9966387, -1.7736713 54.9966451, -1.7737212 54.9972239, -1.7737631 54.9978449, -1.7738165 54.9986277, -1.7739446 55.000028, -1.7739815 55.0004235, -1.7740913117296868 55.00181397955657, -1.7739756250289371 55.00271229960765, -1.773648 55.0027404, -1.7737232 55.0032662, -1.7738006 55.0039628, -1.7738015187226543 55.003968238710065, -1.768852999170039 55.003524315781114, -1.762151360964929 54.99562592686679))"
E01008404,0,1647,All usual residents,E01008404,"POLYGON ((-1.724495867140071 54.98193193795373, -1.726708470313095 54.97888071287523, -1.728031568930246 54.976090141863644, -1.740000539109857 54.979975736189445, -1.747166377521521 54.984535207732904, -1.743397296171352 54.98675552116984, -1.736864504574883 54.98568697055648, -1.731222394057644 54.9796861456643, -1.724304074960377 54.98369475032567, -1.724495867140071 54.98193193795373))"
E01008405,0,1417,All usual residents,E01008405,"POLYGON ((-1.748265895060644 54.99542987829266, -1.754244576819666 54.99471615351504, -1.762151360964929 54.99562592686679, -1.768852999170039 55.003524315781114, -1.747861463160902 55.0011348927468, -1.748265895060644 54.99542987829266))"
E01008406,0,1557,All usual residents,E01008406,"POLYGON ((-1.592753962188523 54.97630189694683, -1.590519915541465 54.97328748778976, -1.597664773121284 54.97343148142764, -1.603657535129215 54.97467180706868, -1.59902352078322 54.97881729127191, -1.594793085976513 54.97590837314301, -1.592664515832987 54.978814170289844, -1.591136560816359 54.97695060133675, -1.592753962188523 54.97630189694683))"
E01008407,0,2794,All usual residents,E01008407,"POLYGON ((-1.59902352078322 54.97881729127191, -1.603657535129215 54.97467180706868, -1.606416249396933 54.97543347706452, -1.607546141692537 54.98127304564345, -1.603584408501157 54.98300079619886, -1.597637492595047 54.98150860702656, -1.59902352078322 54.97881729127191))"
E01008409,0,1710,All usual residents,E01008409,"POLYGON ((-1.587636874942782 54.98951227571579, -1.585075730641327 54.986964557481095, -1.590008525410263 54.98732209369084, -1.592155254763653 54.98387262169723, -1.597576347663139 54.982780517743564, -1.597231066891226 54.98511801888038, -1.593691184812126 54.98794828865829, -1.58897051069977 54.9888874080444, -1.587636874942782 54.98951227571579))"
E01008410,0,1720,All usual residents,E01008410,"POLYGON ((-1.582157006318199 54.9858494389089, -1.582187517207263 54.98509566530952, -1.590404784666402 54.97978609509211, -1.592664515832987 54.978814170289844, -1.594793085976513 54.97590837314301, -1.59902352078322 54.97881729127191, -1.597637492595047 54.98150860702656, -1.592155254763653 54.98387262169723, -1.590008525410263 54.98732209369084, -1.585075730641327 54.986964557481095, -1.582157006318199 54.9858494389089))"
E01008411,0,1777,All usual residents,E01008411,"POLYGON ((-1.597637492595047 54.98150860702656, -1.603584408501157 54.98300079619886, -1.597231066891226 54.98511801888038, -1.597576347663139 54.982780517743564, -1.592155254763653 54.98387262169723, -1.597637492595047 54.98150860702656))"
E01008412,0,1657,All usual residents,E01008412,"POLYGON ((-1.582052507031093 54.98476548743752, -1.581203884066604 54.981503538876204, -1.590404784666402 54.97978609509211, -1.582187517207263 54.98509566530952, -1.582052507031093 54.98476548743752))"
E01008413,0,1473,All usual residents,E01008413,"POLYGON ((-1.584285464401258 54.97906045856065, -1.591136560816359 54.97695060133675, -1.592664515832987 54.978814170289844, -1.590404784666402 54.97978609509211, -1.581203884066604 54.981503538876204, -1.58054315594376 54.98030973039754, -1.584285464401258 54.97906045856065))"
E01008415,0,1214,All usual residents,E01008415,"POLYGON ((-1.687111133158741 54.97845960047514, -1.683584126081761 54.975362429737416, -1.692881259076209 54.97426697641253, -1.689263443965771 54.96755895460792, -1.697434249962338 54.97095304906287, -1.69786134459219 54.97548590965222, -1.6960807682976 54.98163271095311, -1.688930270356994 54.978163324598135, -1.685625093493362 54.97958279326671, -1.687111133158741 54.97845960047514))"
E01008416,0,1690,All usual residents,E01008416,"POLYGON ((-1.68620392314071 54.98302607906215, -1.68275397413691 54.98214551447837, -1.685625093493362 54.97958279326671, -1.688930270356994 54.978163324598135, -1.6960807682976 54.98163271095311, -1.694318649176626 54.98417053997267, -1.693790904097122 54.98495055601803, -1.68620392314071 54.98302607906215))"
E01008418,0,2011,All usual residents,E01008418,"POLYGON ((-1.606027154798207 55.000841947560794, -1.610478440717776 55.002589098511976, -1.613769041231415 55.000525238910605, -1.615804379003049 55.002438247374116, -1.617269242102701 55.007320858610356, -1.617257286557177 55.00732209080198, -1.61105943483554 55.00572871355988, -1.606748015368449 55.008369631802594, -1.606524939828341 55.00432689754819, -1.606027154798207 55.000841947560794))"
E01008419,0,1521,All usual residents,E01008419,"POLYGON ((-1.626628788523885 55.00340768013793, -1.629309258222124 55.00531241113954, -1.626258430924071 55.0060829579992, -1.617269242102701 55.007320858610356, -1.615804379003049 55.002438247374116, -1.626628788523885 55.00340768013793))"
E01008420,0,1347,All usual residents,E01008420,"POLYGON ((-1.613769041231415 55.000525238910605, -1.617247438313976 54.998056228355935, -1.621943697710848 54.997481800198535, -1.618897250983 55.00043027457902, -1.626310776910341 55.00023435495286, -1.626505837831011 55.00300827305063, -1.626628788523885 55.00340768013793, -1.615804379003049 55.002438247374116, -1.613769041231415 55.000525238910605))"
E01008421,0,1521,All usual residents,E01008421,"POLYGON ((-1.626505837831011 55.00300827305063, -1.635532813911787 55.00034798423254, -1.638470000896242 55.00213218446774, -1.638632100944309 55.00230670025412, -1.629309258222124 55.00531241113954, -1.626628788523885 55.00340768013793, -1.626505837831011 55.00300827305063))"
E01008422,0,1646,All usual residents,E01008422,"POLYGON ((-1.603005930490593 54.99941346901602, -1.598383835969071 54.998837661882874, -1.59771520289596 54.99756906656088, -1.611310457964615 54.99795897300289, -1.616239959852188 54.99546483463852, -1.617247438313976 54.998056228355935, -1.613769041231415 55.000525238910605, -1.610478440717776 55.002589098511976, -1.606027154798207 55.000841947560794, -1.606524939828341 55.00432689754819, -1.603465802548159 55.00317572570874, -1.603005930490593 54.99941346901602))"
E01008423,0,1388,All usual residents,E01008423,"POLYGON ((-1.616239959852188 54.99546483463852, -1.616382790944637 54.995391116275265, -1.6230041482417 54.995498483101436, -1.628646270122266 54.99510568279032, -1.629402699980212 54.99635910548985, -1.635532813911787 55.00034798423254, -1.626505837831011 55.00300827305063, -1.626310776910341 55.00023435495286, -1.618897250983 55.00043027457902, -1.621943697710848 54.997481800198535, -1.617247438313976 54.998056228355935, -1.616239959852188 54.99546483463852))"
E01008424,0,1743,All usual residents,E01008424,"POLYGON ((-1.603465802548159 55.00317572570874, -1.606524939828341 55.00432689754819, -1.606748015368449 55.008369631802594, -1.605781637015437 55.008989801894295, -1.601375267188617 55.00995349988937, -1.601077345320729 55.0097424666292, -1.603465802548159 55.00317572570874))"
E01008425,0,1795,All usual residents,E01008425,"POLYGON ((-1.536428989367107 54.967846033000924, -1.542153160793933 54.96390235464035, -1.547610577435074 54.9664230324755, -1.546776752983995 54.970729986107855, -1.54761129523409 54.97537542013057, -1.541682395737612 54.97344560478674, -1.540349775757155 54.97606683560033, -1.53544137011611 54.975459493854075, -1.536428989367107 54.967846033000924))"
E01008426,0,1654,All usual residents,E01008426,"POLYGON ((-1.55761583949546 54.969112751776805, -1.558739679158831 54.97236965824288, -1.559300067665333 54.97412703851525, -1.554103062308307 54.97506436097303, -1.55149801343491 54.97111101230655, -1.55761583949546 54.969112751776805))"
E01008427,0,1172,All usual residents,E01008427,"POLYGON ((-1.556972581550988 54.967159814595306, -1.556974367502679 54.96716472577271, -1.551198003848212 54.96729546632523, -1.554308288012893 54.9645626663821, -1.547610577435074 54.9664230324755, -1.542153160793933 54.96390235464035, -1.536428989367107 54.967846033000924, -1.541707128269697 54.962648630244665, -1.556765244018189 54.961133424901995, -1.556972581550988 54.967159814595306))"
E01008428,0,1295,All usual residents,E01008428,"POLYGON ((-1.547610577435074 54.9664230324755, -1.554308288012893 54.9645626663821, -1.551198003848212 54.96729546632523, -1.556974367502679 54.96716472577271, -1.55761583949546 54.969112751776805, -1.55149801343491 54.97111101230655, -1.546776752983995 54.970729986107855, -1.547610577435074 54.9664230324755))"
E01008429,0,1420,All usual residents,E01008429,"POLYGON ((-1.540349775757155 54.97606683560033, -1.541682395737612 54.97344560478674, -1.54761129523409 54.97537542013057, -1.546776752983995 54.970729986107855, -1.55149801343491 54.97111101230655, -1.554103062308307 54.97506436097303, -1.549920016527336 54.97582347084889, -1.536687592228741 54.977529182501904, -1.535145597926211 54.977569491227364, -1.53544137011611 54.975459493854075, -1.540349775757155 54.97606683560033))"
E01008430,0,1354,All usual residents,E01008430,"POLYGON ((-1.549920016527336 54.97582347084889, -1.542210411905291 54.97973047357319, -1.536687592228741 54.977529182501904, -1.549920016527336 54.97582347084889))"
E01008431,0,1353,All usual residents,E01008431,"POLYGON ((-1.542210411905291 54.97973047357319, -1.549920016527336 54.97582347084889, -1.554103062308307 54.97506436097303, -1.552914002126693 54.98123998001478, -1.549490117387575 54.97870979604257, -1.547506503937216 54.98098250664641, -1.542210411905291 54.97973047357319))"
E01008432,0,1355,All usual residents,E01008432,"POLYGON ((-1.549490117387575 54.97870979604257, -1.552914002126693 54.98123998001478, -1.554103062308307 54.97506436097303, -1.559300067665333 54.97412703851525, -1.559268865422613 54.97419919753352, -1.557290854964572 54.98057198878537, -1.557473810720368 54.98088080690398, -1.549215047284409 54.983309111619654, -1.547506503937216 54.98098250664641, -1.549490117387575 54.97870979604257))"
E01008433,0,1383,All usual residents,E01008433,"POLYGON ((-1.550955635163582 54.986694786962275, -1.555006587415915 54.98355095098519, -1.558835116798841 54.985142771728434, -1.563070745660414 54.99156487142934, -1.562575082821096 54.992234396272025, -1.562054 54.9921363, -1.5618115 54.9919884, -1.5614442 54.9916672, -1.5612338 54.9914271, -1.5607095 54.9916074, -1.5601816 54.9918541, -1.5598304 54.9920299, -1.5595771 54.9921814, -1.5593007 54.9923161, -1.5586174 54.9927923, -1.5581981 54.9929486, -1.5569553 54.9932163, -1.5564446843288844 54.99335529949198, -1.5563590543865249 54.99337088481582, -1.5554875 54.9923941, -1.554855 54.9917899, -1.5541361 54.9911722, -1.5522768 54.9896947, -1.5521922 54.9897371, -1.5521661 54.9898262, -1.5521092 54.9898711, -1.5518931563881102 54.98995439007785, -1.551878167517246 54.98994292052581, -1.550955635163582 54.986694786962275))"
E01008434,0,1477,All usual residents,E01008434,"POLYGON ((-1.5399034453362541 54.98881808616748, -1.5397745 54.9886083, -1.5395075721608804 54.988296775127985, -1.539472721032262 54.988250880939596, -1.547933761233261 54.987173206506306, -1.550955635163582 54.986694786962275, -1.551878167517246 54.98994292052581, -1.551818813288574 54.989983051154624, -1.551703 54.9900277, -1.5513613 54.9900919, -1.5501946 54.990533, -1.54993 54.9903581, -1.5499352 54.9903175, -1.5495978 54.9904316, -1.5495375 54.9903772, -1.5494067 54.9904222, -1.5493109 54.9904736, -1.5491339 54.9906038, -1.5489735 54.9907759, -1.5488226 54.9910093, -1.548798 54.9911291, -1.5489693 54.9911308, -1.5489006 54.9913148, -1.5487333 54.9913445, -1.5486741 54.9915031, -1.5485131 54.9918162, -1.5483391 54.9920938, -1.5481735 54.9923023, -1.5479083464416146 54.992606536037066, -1.545781462360493 54.98902496530223, -1.5457667898806184 54.98902737095257, -1.5457658 54.9890196, -1.5452693969347722 54.98910892182336, -1.5447930704878758 54.98918701870199, -1.5441125 54.9892897, -1.5428356 54.989498, -1.5421726 54.9895956, -1.5406976 54.9898629, -1.5406968939681083 54.989862949918766, -1.5399034453362541 54.98881808616748))"
E01008435,0,1474,All usual residents,E01008435,"POLYGON ((-1.557473810720368 54.98088080690398, -1.558835116798841 54.985142771728434, -1.555006587415915 54.98355095098519, -1.550955635163582 54.986694786962275, -1.547933761233261 54.987173206506306, -1.54446927600959 54.98501990881469, -1.549215047284409 54.983309111619654, -1.557473810720368 54.98088080690398))"
E01008436,0,1489,All usual residents,E01008436,"POLYGON ((-1.535145597926211 54.977569491227364, -1.536687592228741 54.977529182501904, -1.542210411905291 54.97973047357319, -1.547506503937216 54.98098250664641, -1.549215047284409 54.983309111619654, -1.54446927600959 54.98501990881469, -1.547933761233261 54.987173206506306, -1.539472721032262 54.988250880939596, -1.539985669431778 54.98331883055075, -1.539969513285134 54.98332507852668, -1.5399715 54.9833133, -1.5396352 54.9831855, -1.5388962 54.9830383, -1.5380756 54.9829492, -1.5379902 54.9829241, -1.5378835 54.9829513, -1.5378466 54.9830177, -1.5378576 54.9830577, -1.5378147 54.9830772, -1.5377649 54.983064, -1.537719 54.9830978, -1.5377734 54.9831753, -1.5366508 54.9838107, -1.5363297 54.9839629, -1.536224 54.9840521, -1.5360205 54.9841941, -1.5358809 54.9842284, -1.5356784 54.984443, -1.5353287 54.9846793, -1.5348802 54.9849577, -1.5344458 54.9852603, -1.5336876 54.9857412, -1.5335499 54.9856564, -1.5334484 54.9855253, -1.5327686 54.9851579, -1.5326699 54.9850786, -1.5320950442264296 54.98477490128407, -1.5309537674431881 54.98408132640606, -1.5309429 54.984056, -1.5308453428509108 54.98401386774916, -1.535145597926211 54.977569491227364))"
E01008437,0,1219,All usual residents,E01008437,"POLYGON ((-1.65744974924663 54.9637786208064, -1.647861099879801 54.96581681750574, -1.647216734804437 54.96880401034764, -1.64185065844689 54.968817043269134, -1.628393505945999 54.960261186523574, -1.65744974924663 54.9637786208064))"
E01008438,0,1648,All usual residents,E01008438,"POLYGON ((-1.640713433949309 54.96873569055921, -1.637876806658691 54.96902819027946, -1.636362090885227 54.966910818683324, -1.626942962129731 54.968688611798996, -1.619627387300218 54.962808707510504, -1.628393505945999 54.960261186523574, -1.64185065844689 54.968817043269134, -1.640713433949309 54.96873569055921))"
E01008439,0,1828,All usual residents,E01008439,"POLYGON ((-1.637717390177065 54.973127747624254, -1.630775981228282 54.97192085015071, -1.629549978636176 54.971731739856075, -1.626895932260075 54.968706438632545, -1.626942962129731 54.968688611798996, -1.636362090885227 54.966910818683324, -1.637876806658691 54.96902819027946, -1.637717390177065 54.973127747624254))"
E01008441,0,1649,All usual residents,E01008441,"POLYGON ((-1.694012313348306 55.001305553099854, -1.694467860738633 54.997282661140126, -1.687518206336497 54.99593878508322, -1.69701523514738 54.99631715133604, -1.700247390736219 54.99850180975461, -1.704061017650426 55.00139201517043, -1.701613309874059 55.004659445328855, -1.700250667995063 55.00404902882317, -1.694012313348306 55.001305553099854))"
E01008442,0,1374,All usual residents,E01008442,"POLYGON ((-1.718526860510176 54.99789761823193, -1.720170489238311 55.00083311877287, -1.721023137725689 55.002764818019436, -1.711219739206645 55.00463996997805, -1.713191221344006 54.99952951144343, -1.718526860510176 54.99789761823193))"
E01008443,0,1433,All usual residents,E01008443,"POLYGON ((-1.727912331322133 55.00256738784993, -1.720170489238311 55.00083311877287, -1.718526860510176 54.99789761823193, -1.724137817720833 54.998314669209336, -1.724062869508963 54.995092929276794, -1.729968729458855 54.99502213761479, -1.747861463160902 55.0011348927468, -1.768852999170039 55.003524315781114, -1.7738015187226543 55.003968238710065, -1.7738015757082268 55.003968576056714, -1.7694909795909475 55.00369958801346, -1.7693858 55.0036625, -1.7685872 55.0036008, -1.7685356701619035 55.00363997518799, -1.7676466931448436 55.00358450161037, -1.7670289 55.0035376, -1.7670289 55.0035367, -1.7664459230437248 55.00350957164915, -1.7660545312014135 55.00348514817663, -1.7648177 55.0033761, -1.7630472 55.0032351, -1.7628036 55.003187, -1.7627035 55.0032012, -1.761883 55.0031529, -1.7607953 55.0030861, -1.7595498 55.0030126, -1.7579899 55.002952, -1.7579587 55.0029457, -1.7579134 55.0029384, -1.7578681 55.0029338, -1.7578228 55.002931, -1.7577759 55.0029309, -1.7577305 55.0029326, -1.7576852 55.002937, -1.7576398 55.0029432, -1.757596 55.0029512, -1.757549 55.0029637, -1.7575036 55.0029789, -1.7574613 55.0029959, -1.7574346 55.0030066, -1.7574048 55.003021, -1.7573782 55.0030362, -1.7573546 55.0030523, -1.7573358 55.0030675, -1.7573185 55.0030864, -1.7573027 55.0031061, -1.7571939 55.0032623, -1.7565498 55.0032565, -1.7566582 55.0036952, -1.7567082 55.0039478, -1.7567475 55.0041816, -1.7567337 55.0043972, -1.756718 55.0046632, -1.7566731 55.0050971, -1.75661 55.0054582, -1.756616 55.0054978, -1.7566702 55.005577, -1.7566262 55.0056272, -1.7566088 55.0059057, -1.7567184 55.0061441, -1.7568439 55.0065972, -1.7568489 55.0070645, -1.7568618 55.0077664, -1.7568617 55.0077852, -1.7568631 55.0078113, -1.7568632235268478 55.007821299792454, -1.737962366654146 55.01223492375112, -1.721119036458617 55.00951487352519, -1.727912331322133 55.00256738784993))"
E01008444,0,1545,All usual residents,E01008444,"POLYGON ((-1.704061017650426 55.00139201517043, -1.700247390736219 54.99850180975461, -1.709905727133278 54.99972727582747, -1.713191221344006 54.99952951144343, -1.711219739206645 55.00463996997805, -1.711836377457731 55.00727349417822, -1.701613309874059 55.004659445328855, -1.704061017650426 55.00139201517043))"
E01008445,0,1930,All usual residents,E01008445,"POLYGON ((-1.687673893171009 54.999492619182504, -1.683727321744956 54.99881531516112, -1.680168130659929 54.99578102691685, -1.679768951931168 54.99510766741155, -1.682142263617326 54.99320608625006, -1.684546354427731 54.994462009976615, -1.687518206336497 54.99593878508322, -1.694467860738633 54.997282661140126, -1.694012313348306 55.001305553099854, -1.692284513987984 55.00064067332131, -1.687673893171009 54.999492619182504))"
E01008446,0,1417,All usual residents,E01008446,"POLYGON ((-1.69701523514738 54.99631715133604, -1.696628458877023 54.995065330107536, -1.70807990468985 54.996372334057014, -1.709027531351524 54.994478154433146, -1.709275576704962 54.994000549749266, -1.709905727133278 54.99972727582747, -1.700247390736219 54.99850180975461, -1.69701523514738 54.99631715133604))"
E01008447,0,1317,All usual residents,E01008447,"POLYGON ((-1.713095223146678 54.99430581134319, -1.724062869508963 54.995092929276794, -1.724137817720833 54.998314669209336, -1.718526860510176 54.99789761823193, -1.713191221344006 54.99952951144343, -1.709905727133278 54.99972727582747, -1.709275576704962 54.994000549749266, -1.713095223146678 54.99430581134319))"
E01008448,0,1482,All usual residents,E01008448,"POLYGON ((-1.711219739206645 55.00463996997805, -1.721023137725689 55.002764818019436, -1.720170489238311 55.00083311877287, -1.727912331322133 55.00256738784993, -1.721119036458617 55.00951487352519, -1.71723613275578 55.011095135106636, -1.711836377457731 55.00727349417822, -1.711219739206645 55.00463996997805))"
E01008449,0,1783,All usual residents,E01008449,"POLYGON ((-1.639621969974582 54.9734328285681, -1.642967506546516 54.97390274079349, -1.649222566843994 54.974894436218534, -1.64643719233744 54.97922442274093, -1.640040033780532 54.97763373915322, -1.639671079873249 54.974565532229526, -1.639621969974582 54.9734328285681))"
E01008450,0,1480,All usual residents,E01008450,"POLYGON ((-1.653595927197046 54.98597856781334, -1.656696779866759 54.98386943764645, -1.663466770099126 54.98508590327524, -1.658617591662188 54.98969216132045, -1.65677300298897 54.98993628546328, -1.655130942505857 54.989436917180754, -1.653595927197046 54.98597856781334))"
E01008451,0,1788,All usual residents,E01008451,"POLYGON ((-1.658617591662188 54.98969216132045, -1.663466770099126 54.98508590327524, -1.664058076920489 54.98528152361456, -1.667181788666813 54.986561268104104, -1.67111976026223 54.98859075315822, -1.669166206283452 54.98994308261852, -1.66653075802661 54.98953360509078, -1.658617591662188 54.98969216132045))"
E01008452,0,1428,All usual residents,E01008452,"POLYGON ((-1.641197791564271 54.98477023223102, -1.64999093180701 54.982906074754275, -1.653595927197046 54.98597856781334, -1.655130942505857 54.989436917180754, -1.638640519369375 54.98874368605457, -1.641197791564271 54.98477023223102))"
E01008453,0,1669,All usual residents,E01008453,"POLYGON ((-1.640082266497719 54.98402296861288, -1.646934717812446 54.97940697158925, -1.652981668587715 54.9794416905829, -1.65380437285505 54.98084443533078, -1.656696779866759 54.98386943764645, -1.653595927197046 54.98597856781334, -1.64999093180701 54.982906074754275, -1.641197791564271 54.98477023223102, -1.640082266497719 54.98402296861288))"
E01008455,0,1646,All usual residents,E01008455,"POLYGON ((-1.64643719233744 54.97922442274093, -1.649222566843994 54.974894436218534, -1.651355546095819 54.97524331582278, -1.653239239583615 54.975551410088904, -1.653280105280325 54.975558088432614, -1.653582268908532 54.975607490160534, -1.653592860481044 54.975609231330075, -1.653288245733357 54.97622980433649, -1.653253748576325 54.976300110533245, -1.652981668587715 54.9794416905829, -1.646934717812446 54.97940697158925, -1.64643719233744 54.97922442274093))"
E01008456,0,1498,All usual residents,E01008456,"POLYGON ((-1.692284513987984 55.00064067332131, -1.686118216919458 55.005917777177935, -1.686240852164392 55.002901780137336, -1.681135109111648 55.002503987147406, -1.687673893171009 54.999492619182504, -1.692284513987984 55.00064067332131))"
E01008457,0,1565,All usual residents,E01008457,"POLYGON ((-1.680300610156837 55.003680077609474, -1.680797978356251 55.00094040328301, -1.683727321744956 54.99881531516112, -1.687673893171009 54.999492619182504, -1.681135109111648 55.002503987147406, -1.686240852164392 55.002901780137336, -1.686118216919458 55.005917777177935, -1.692284513987984 55.00064067332131, -1.694012313348306 55.001305553099854, -1.700250667995063 55.00404902882317, -1.694096201047549 55.003670700415086, -1.694751746184018 55.00587393009387, -1.691306089570261 55.00637871813971, -1.685377168243739 55.007108145582094, -1.680244280795206 55.00397362276536, -1.680300610156837 55.003680077609474))"
E01008458,0,1661,All usual residents,E01008458,"POLYGON ((-1.665016712718092 55.02448593669309, -1.656377990807525 55.02498970379203, -1.659261974050555 55.02104615005866, -1.666478307024025 55.02219050364977, -1.668773409891511 55.01912100422468, -1.674941279520723 55.013763652069365, -1.680198352454019 55.01025420151486, -1.680247260449822 55.01022710195235, -1.68452992816922 55.011464198949014, -1.695148976120884 55.01548742490485, -1.700304037720822 55.00858269396245, -1.694751746184018 55.00587393009387, -1.694096201047549 55.003670700415086, -1.700250667995063 55.00404902882317, -1.701613309874059 55.004659445328855, -1.711836377457731 55.00727349417822, -1.71723613275578 55.011095135106636, -1.721119036458617 55.00951487352519, -1.737962366654146 55.01223492375112, -1.7568632235268478 55.007821299792454, -1.7568656927958712 55.00802119299911, -1.7565575482020488 55.01373327223171, -1.7565285 55.0140129, -1.7565273794877947 55.01402380699892, -1.7510717616254592 55.01561004080746, -1.7510439 55.0156076, -1.7509796 55.0158861, -1.7508199 55.0161679, -1.7507423 55.016334, -1.7507491 55.0164859, -1.7507293 55.0166512, -1.7507426 55.0167905, -1.7507355 55.0169253, -1.7506366 55.0174849, -1.7506217 55.0176152, -1.7505583 55.0180086, -1.7504922 55.0188253, -1.7505467 55.0196288, -1.7506108 55.0198851, -1.7506193586314973 55.02014906366861, -1.7502543997933697 55.023925025349925, -1.7502317 55.0240143, -1.7498375 55.0240054, -1.7489334 55.0240188, -1.7483672 55.024015, -1.7479666 55.024033, -1.747463 55.0240221, -1.7472487 55.0240279, -1.7470062 55.0240472, -1.7465198 55.0240336, -1.7460802 55.0240354, -1.7457439 55.0240455, -1.7453592 55.0240267, -1.7451824 55.0240326, -1.7449338 55.0240204, -1.7440968 55.024042, -1.7432365 55.0240492, -1.7426639 55.0240722, -1.7422193 55.0241252, -1.7420565 55.0241518, -1.7417433 55.0242123, -1.7415913 55.0242461, -1.7415083 55.0242621, -1.7409977 55.0243644, -1.7406141 55.0244255, -1.7400188 55.0245743, -1.7399668 55.0246309, -1.7399195 55.0246892, -1.7397977 55.0248974, -1.7396846 55.0252054, -1.7398841 55.0253163, -1.73992358420758 55.02534968338407, -1.7398532184772906 55.02584562478835, -1.7396397 55.0260976, -1.7394098 55.0263397, -1.7393047 55.0266199, -1.7392737 55.0268274, -1.7390889 55.0268512, -1.7379681 55.0269764, -1.7383404 55.0272181, -1.7385349 55.0273757, -1.7387562 55.027742, -1.73884 55.0278482, -1.7389113 55.0279562, -1.7390769 55.028218, -1.7391651 55.0283701, -1.7392649 55.0286677, -1.7393026 55.028888, -1.7393177 55.0292097, -1.7393074 55.0295889, -1.7392166 55.0295914, -1.7385519 55.0295783, -1.7382967 55.0296011, -1.7379522 55.0296543, -1.7376736 55.0296815, -1.7373934 55.0297088, -1.7371242 55.0297172, -1.736882 55.0296816, -1.7366149 55.0296253, -1.736307 55.0295761, -1.7354797 55.0295438, -1.7350885 55.0295519, -1.7346064 55.0295922, -1.7341493 55.0296442, -1.7337984 55.0297145, -1.7335178 55.0298019, -1.7333813 55.029851, -1.7333234 55.0298653, -1.7332028 55.0298821, -1.7331986 55.0298822, -1.732965 55.0298888, -1.7327458 55.0299072, -1.7325203 55.0299408, -1.7323151 55.0299916, -1.7322571 55.0300103, -1.7321879 55.0300524, -1.7320683 55.0301708, -1.7321326 55.0303758, -1.7321665 55.0304549, -1.7322012 55.0306509, -1.732207 55.030721, -1.7321372 55.0308521, -1.7320394 55.0309813, -1.7319669 55.031062, -1.7319005 55.0311715, -1.7318845 55.031219, -1.7318732 55.0312684, -1.7318674 55.0314302, -1.7318877 55.0316827, -1.7316729 55.0317461, -1.7312344 55.0318125, -1.7309338 55.0318424, -1.7306582 55.0318912, -1.7306236 55.0319073, -1.7302627 55.0320692, -1.7299984 55.0320542, -1.7296936 55.0320212, -1.7294714 55.0320252, -1.7292803 55.032058, -1.7290013 55.0321373, -1.72868 55.0322202, -1.7284243 55.0323239, -1.7281939 55.0323881, -1.7280967 55.0324202, -1.7278613 55.0325221, -1.727753 55.0325812, -1.7275786 55.0326895, -1.7274617 55.0326129, -1.7272349 55.0328361, -1.7270648 55.0330038, -1.726909 55.0331463, -1.72608 55.0331139, -1.7256953 55.0330843, -1.7255624 55.033075, -1.7254295 55.0330684, -1.7253732 55.0330674, -1.7252402 55.0330662, -1.7251072 55.0330686, -1.7250446 55.033072, -1.724935 55.0330799, -1.724827 55.0330913, -1.7247471 55.033101, -1.724625 55.0331196, -1.7245059 55.0331409, -1.7243868 55.0331658, -1.7243508 55.0331738, -1.7235849 55.0333015, -1.722614 55.0334314, -1.7222133515696851 55.03348148105379, -1.7145320282197913 55.034017882914426, -1.7145103 55.0340165, -1.7144336 55.0340172, -1.715531 55.0363616, -1.7155452048297792 55.03636828616815, -1.7158268551844287 55.03697011206088, -1.7158454 55.0370273, -1.7158777 55.03711, -1.71588357140375 55.03712282373539, -1.7128867926613416 55.03925261350492, -1.7124556 55.0393144, -1.7111447 55.0394829, -1.7113510655021995 55.0403440440954, -1.7099972034905584 55.04130622439284, -1.7093976 55.0413344, -1.7086057 55.0413433, -1.7085738 55.041647, -1.7086135 55.0420011, -1.7086398 55.0422546, -1.7083087 55.0421621, -1.7082165 55.0421421, -1.7081227 55.0421257, -1.708029 55.042112, -1.7080258 55.042112, -1.7079304 55.0421019, -1.7078335 55.0420954, -1.7077693 55.0420907, -1.7075894 55.0420822, -1.707566 55.0420804, -1.7073438 55.0420744, -1.7073376 55.0420744, -1.707037 55.042089, -1.7059836 55.0421206, -1.7053856 55.042147, -1.7049487 55.0421945, -1.7045417 55.0422061, -1.7039341 55.0422711, -1.703707 55.0422966, -1.7035469 55.0423546, -1.7031944 55.0424086, -1.7030534 55.0424361, -1.702854429478601 55.04252793831527, -1.6949410035502182 55.04289229652908, -1.6949016 55.0428868, -1.6949008212822332 55.04288764299288, -1.687258377169873 55.03985198948664, -1.680267670303438 55.0413003102066, -1.678853992300441 55.03866653308752, -1.667675435809877 55.041112268326444, -1.665016712718092 55.02448593669309))"
E01008459,0,1982,All usual residents,E01008459,"POLYGON ((-1.680244280795206 55.00397362276536, -1.685377168243739 55.007108145582094, -1.691306089570261 55.00637871813971, -1.693947584908787 55.00882832477687, -1.68452992816922 55.011464198949014, -1.680247260449822 55.01022710195235, -1.680244280795206 55.00397362276536))"
E01008460,0,1550,All usual residents,E01008460,"POLYGON ((-1.700304037720822 55.00858269396245, -1.695148976120884 55.01548742490485, -1.68452992816922 55.011464198949014, -1.693947584908787 55.00882832477687, -1.691306089570261 55.00637871813971, -1.694751746184018 55.00587393009387, -1.700304037720822 55.00858269396245))"
E01008469,0,1473,All usual residents,E01008469,"MULTIPOLYGON (((-1.5713201362671165 55.00400714556003, -1.5707621 55.0041871, -1.5703181 55.004342, -1.5702397 55.0043742, -1.5701897 55.0043886, -1.5701424 55.0044, -1.570083 55.0044106, -1.5700174 55.0044163, -1.5699718 55.004416, -1.5699324 55.0044125, -1.5698963 55.0044058, -1.5698446 55.0043921, -1.569809 55.0043774, -1.569754 55.0043306, -1.5697306 55.0043207, -1.5696679 55.0043019, -1.5696276 55.0042981, -1.5696028 55.0043, -1.5695326 55.0043109, -1.5693266 55.0043413, -1.5691207 55.0043837, -1.5688472 55.0044612, -1.5682612 55.0046178, -1.5677029 55.0046649, -1.567464 55.00471, -1.5671323 55.0048092, -1.5667252 55.0049498, -1.5665036 55.0050039, -1.5662238 55.0050417, -1.5658577 55.0051504, -1.564193 55.0057872, -1.563798 55.0059149, -1.5635876 55.0058886, -1.5634092 55.0058792, -1.5632677 55.0059639, -1.5627667 55.0060639, -1.5621003 55.0061441, -1.5615878 55.0062198, -1.5614275 55.0062189, -1.5612389 55.0062045, -1.5610801 55.0062315, -1.5609366 55.0062321, -1.5605317 55.0060687, -1.5595758 55.0058022, -1.5591468 55.0056837, -1.5585192697593775 55.00554173351328, -1.5713201362671165 55.00400714556003)), ((-1.571979682837182 55.00392807808281, -1.5726158308961211 55.0067923713633, -1.5726021 55.0067938, -1.5725229 55.006677, -1.5723711 55.0066936, -1.5719289 55.0047006, -1.5719241 55.0040954, -1.5719652923084977 55.00392980324196, -1.571979682837182 55.00392807808281)), ((-1.574610228461491 55.0063275533399, -1.574681 55.0065775, -1.5726952144681072 55.00678411186711, -1.574610228461491 55.0063275533399)), ((-1.577293089064236 55.00568793248608, -1.5780116096234722 55.00722269960428, -1.5779533 55.0072188, -1.577851 55.0070543, -1.5777288 55.0067994, -1.5776243 55.0064616, -1.5772864878969692 55.005689506270514, -1.577293089064236 55.00568793248608)), ((-1.5792098007421735 55.00978204784652, -1.5792003 55.0097843, -1.5789506 55.0095877, -1.5787905 55.0094296, -1.5786727 55.009269, -1.5784689 55.0088303, -1.5784015 55.0086418, -1.5783481 55.0081944, -1.5783568902953533 55.0079602225811, -1.5792098007421735 55.00978204784652)))"
E01008513,0,2235,All usual residents,E01008513,"MULTIPOLYGON (((-1.590824016847254 55.00870911382329, -1.60047038792424 55.00974837571849, -1.600367322798821 55.009988944417046, -1.6002513 55.0098308, -1.6000565 55.0098174, -1.5999848 55.0097288, -1.5989872 55.0096724, -1.5982305 55.009558, -1.5968415 55.009396, -1.5957152 55.0092861, -1.5936472 55.0090804, -1.5917882 55.0088841, -1.5913902 55.0088421, -1.5908383228042755 55.008789262669076, -1.590824016847254 55.00870911382329)), ((-1.594806656241757 55.02296833304471, -1.5947608555781476 55.02290175684327, -1.5949581674934312 55.022614684179636, -1.594806656241757 55.02296833304471)))"
E01008514,0,1807,All usual residents,E01008514,"MULTIPOLYGON (((-1.594806656241757 55.02296833304471, -1.5946678685665399 55.023037065250115, -1.59474 55.0229321, -1.5947608555781476 55.02290175684327, -1.594806656241757 55.02296833304471)), ((-1.5877150310081922 55.026480338282, -1.5873163 55.0259945, -1.5873704 55.0257676, -1.5877701 55.0254227, -1.5903105 55.0249845, -1.5910966432103824 55.02480565309018, -1.5877150310081922 55.026480338282)))"
E01008516,0,1317,All usual residents,E01008516,"MULTIPOLYGON (((-1.591128585438308 55.03236205263986, -1.5911195 55.0323613, -1.5911070631551647 55.032324982976675, -1.591128585438308 55.03236205263986)), ((-1.591723986307868 55.033567926453784, -1.5917268619336826 55.03358483588979, -1.5917228 55.0335728, -1.591656632336047 55.03339698348335, -1.591723986307868 55.033567926453784)), ((-1.5926344914658324 55.038921936222856, -1.5926267 55.0389219, -1.5925004 55.038232, -1.5924861396330035 55.038049588432976, -1.5926344914658324 55.038921936222856)), ((-1.5975119229537138 55.039560352535766, -1.5972396 55.0395469, -1.5956057 55.0394977, -1.5947326 55.0394307, -1.5939502 55.0393458, -1.5937156 55.0391653, -1.5937185775906426 55.0390777000185, -1.5975119229537138 55.039560352535766)))"
E01008531,0,1439,All usual residents,E01008531,"MULTIPOLYGON (((-1.558843780983485 55.00177075709455, -1.5588046457853708 55.00220554043752, -1.558825 55.0019008, -1.558830542353114 55.001771055763264, -1.558843780983485 55.00177075709455)), ((-1.5585046500690256 55.005538426093274, -1.5584926 55.0055357, -1.558502 55.0053905, -1.5584928 55.0047272, -1.5586685306363284 55.00371774945604, -1.5585046500690256 55.005538426093274)))"
E01008534,0,1372,All usual residents,E01008534,"POLYGON ((-1.560547420760958 54.99595257694304, -1.560279120499778 54.99640794399641, -1.558843780983485 55.00177075709455, -1.558830542353114 55.001771055763264, -1.5589063 54.9999976, -1.5595009 54.9980541, -1.559642 54.9977559, -1.5597772 54.9973939, -1.5600758 54.9968092, -1.5603207 54.996325, -1.5605453728388727 54.99595306412721, -1.560547420760958 54.99595257694304))"
E01008535,0,1473,All usual residents,E01008535,"MULTIPOLYGON (((-1.5452693969347722 54.98910892182336, -1.545055 54.9891475, -1.5447930704878758 54.98918701870199, -1.5452693969347722 54.98910892182336)), ((-1.545781462360493 54.98902496530223, -1.5479083464416146 54.992606536037066, -1.5479028 54.9926129, -1.5474239 54.9924372, -1.5469605 54.992096, -1.5468598 54.9918631, -1.5466675 54.9915451, -1.5465173 54.9913398, -1.5463998 54.9911334, -1.5460004 54.9899611, -1.5459168 54.9895179, -1.5457785 54.9891193, -1.5457667898806184 54.98902737095257, -1.545781462360493 54.98902496530223)), ((-1.551878167517246 54.98994292052581, -1.5518931563881102 54.98995439007785, -1.551818813288574 54.989983051154624, -1.551878167517246 54.98994292052581)), ((-1.5564446843288844 54.99335529949198, -1.5563646 54.9933771, -1.5563590543865249 54.99337088481582, -1.5564446843288844 54.99335529949198)), ((-1.560547420760958 54.99595257694304, -1.5605453728388727 54.99595306412721, -1.5605880169813604 54.99588246864965, -1.560547420760958 54.99595257694304)))"
E01008575,0,1333,All usual residents,E01008575,"MULTIPOLYGON (((-1.5320950442264296 54.98477490128407, -1.531852 54.9846465, -1.5310131 54.9842196, -1.5309537674431881 54.98408132640606, -1.5320950442264296 54.98477490128407)), ((-1.539985669431778 54.98331883055075, -1.539472721032262 54.988250880939596, -1.5395075721608804 54.988296775127985, -1.5392442 54.9879894, -1.5391076 54.9878132, -1.5388014 54.9875002, -1.5385033 54.9871071, -1.5384275 54.9871111, -1.5383726 54.9870333, -1.5384155 54.9869801, -1.5384245 54.9868914, -1.5390138 54.9867221, -1.5390188 54.986488, -1.5388585 54.98623, -1.5388014 54.9859845, -1.5388134 54.9856606, -1.5388992 54.9854375, -1.5394337 54.9845059, -1.5397767 54.9844682, -1.539969513285134 54.98332507852668, -1.539985669431778 54.98331883055075)), ((-1.5406968939681083 54.989862949918766, -1.5404317 54.9898817, -1.5401922 54.9894159, -1.5400195 54.9890069, -1.5399034453362541 54.98881808616748, -1.5406968939681083 54.989862949918766)))"
E01008577,0,1365,All usual residents,E01008577,"POLYGON ((-1.6166976973281566 55.041268539734546, -1.6165663 55.0412833, -1.6158666 55.0411955, -1.6158425469849287 55.04119249045277, -1.6166976973281566 55.041268539734546))"
E01008579,0,1497,All usual residents,E01008579,"MULTIPOLYGON (((-1.63239288024763 55.04821766687844, -1.6331298897465745 55.05051438449508, -1.6327133 55.0493588, -1.6322037 55.0482429, -1.6321946 55.048223, -1.6323836845684077 55.0481978709918, -1.63239288024763 55.04821766687844)), ((-1.633234359194963 55.050839939081364, -1.633258854875887 55.05093533274698, -1.6332241078572687 55.05080799318662, -1.633234359194963 55.050839939081364)), ((-1.6343963019944476 55.05439632780552, -1.6342398 55.0541522, -1.6338355 55.0530486, -1.6333810534568882 55.05138316148739, -1.6343963019944476 55.05439632780552)), ((-1.6347602673150818 55.0554765441314, -1.6347091 55.0554735, -1.6346894 55.0553961, -1.6347136183076967 55.05533809407447, -1.6347602673150818 55.0554765441314)), ((-1.635092348970925 55.05646213260874, -1.6350820499612482 55.056471288923206, -1.6350609317820561 55.05636888921877, -1.635092348970925 55.05646213260874)))"
E01008580,0,1389,All usual residents,E01008580,"MULTIPOLYGON (((-1.638915771444954 55.04249250703781, -1.6389082090502474 55.04249914457279, -1.6389041176456012 55.042490823446904, -1.638915771444954 55.04249250703781)), ((-1.63239288024763 55.04821766687844, -1.6323836845684077 55.0481978709918, -1.6324210996998751 55.048192898586315, -1.63239288024763 55.04821766687844)))"
E01008581,0,1367,All usual residents,E01008581,"MULTIPOLYGON (((-1.6171288342081962 55.04121161902783, -1.6170755 55.0412261, -1.6169479396961863 55.04124042924073, -1.6171288342081962 55.04121161902783)), ((-1.6237268950308956 55.040160777103736, -1.623655 55.0403339, -1.6231180072581972 55.04025775177793, -1.6237268950308956 55.040160777103736)), ((-1.6320986853932689 55.04150581576413, -1.6317815 55.041502, -1.6308835 55.0414849, -1.6299854 55.0414678, -1.6298164 55.0414628, -1.6290932 55.0414377, -1.626182 55.0414182, -1.6260599121378012 55.04031886176101, -1.6320986853932689 55.04150581576413)))"
E01008582,0,1349,All usual residents,E01008582,"MULTIPOLYGON (((-1.635092348970925 55.05646213260874, -1.635835726471852 55.05866994616914, -1.6357196 55.0584814, -1.6355298 55.0578321, -1.6352518 55.0570782, -1.6351759 55.0568165, -1.6351015 55.0565656, -1.6350820499612482 55.056471288923206, -1.635092348970925 55.05646213260874)), ((-1.637889437835734 55.06476942024882, -1.6378824881590712 55.064771042945765, -1.6378797 55.064762, -1.637886627923205 55.0647610748752, -1.637889437835734 55.06476942024882)))"
E01032650,0,1038,All usual residents,E01032650,"MULTIPOLYGON (((-1.586699470500146 55.0086281678134, -1.5873867976616598 55.008641656906875, -1.5868415 55.0086515, -1.5864106447080015 55.008673077239514, -1.586699470500146 55.0086281678134)), ((-1.590824016847254 55.00870911382329, -1.5908383228042755 55.008789262669076, -1.5899039 55.0086998, -1.5897728235220545 55.008688483698634, -1.590824016847254 55.00870911382329)))"
E01033543,0,1302,All usual residents,E01033543,"POLYGON ((-1.606500648361297 54.968393457653825, -1.609278631380078 54.96750748548354, -1.611961975896202 54.97046942912638, -1.619288189960205 54.970193913585106, -1.621373888504462 54.97366389901238, -1.606524677704576 54.97513043837766, -1.607467258415053 54.969319122618195, -1.606500648361297 54.968393457653825))"
E01033545,0,1187,All usual residents,E01033545,"POLYGON ((-1.619627387300218 54.962808707510504, -1.626942962129731 54.968688611798996, -1.626895932260075 54.968706438632545, -1.619288189960205 54.970193913585106, -1.611961975896202 54.97046942912638, -1.609278631380078 54.96750748548354, -1.619627387300218 54.962808707510504))"
E01033547,0,2127,All usual residents,E01033547,"POLYGON ((-1.673948449024147 54.965373705444435, -1.689263443965771 54.96755895460792, -1.692881259076209 54.97426697641253, -1.683584126081761 54.975362429737416, -1.673966670113619 54.97462977983092, -1.673846593106365 54.97180385617809, -1.673948449024147 54.965373705444435))"
E01033548,0,1117,All usual residents,E01033548,"POLYGON ((-1.588434414816102 54.9705838662719, -1.5901880192719582 54.97037125359294, -1.5904959 54.9704195, -1.5908656 54.9704701, -1.5913289 54.9705256, -1.5915615 54.9705488, -1.5920219 54.9705836, -1.5925637 54.9706061, -1.5933212 54.9706194, -1.5938571 54.9706149, -1.5943196 54.9705985, -1.5951933 54.9705484, -1.5955672 54.9704966, -1.5964345 54.9704173, -1.5968277 54.9703705, -1.5975285 54.9702533, -1.5982048 54.9701064, -1.5991569 54.969866, -1.6008653 54.9694474, -1.6031893 54.9688467, -1.6034757246002864 54.96876020919939, -1.606500648361297 54.968393457653825, -1.607467258415053 54.969319122618195, -1.597664773121284 54.97343148142764, -1.590519915541465 54.97328748778976, -1.588434414816102 54.9705838662719))"
E01033550,0,2056,All usual residents,E01033550,"POLYGON ((-1.631616813643297 55.023689491028804, -1.641869606867719 55.022963609611566, -1.64721139226847 55.023422373343614, -1.647346307184707 55.02341805327109, -1.628951878301449 55.034254548103114, -1.626684383051456 55.03376604913668, -1.626281431861276 55.033412983612266, -1.628560041112588 55.029486887875834, -1.631616813643297 55.023689491028804))"
E01033551,0,1754,All usual residents,E01033551,"POLYGON ((-1.5937185775906426 55.0390777000185, -1.5937237 55.038927, -1.5926344914658324 55.038921936222856, -1.5924861396330035 55.038049588432976, -1.5923191 55.0359129, -1.5920913 55.0346647, -1.5917268619336826 55.03358483588979, -1.591723986307868 55.033567926453784, -1.591656632336047 55.03339698348335, -1.5912716 55.0323739, -1.591128585438308 55.03236205263986, -1.5911070631551647 55.032324982976675, -1.5908078 55.0314511, -1.590893 55.0312898, -1.5907077 55.0308485, -1.5905117 55.0305069, -1.5900405 55.0298289, -1.5898175 55.0294033, -1.5891387 55.0283395, -1.5887636 55.0278807, -1.5883769 55.0272868, -1.5877150310081922 55.026480338282, -1.5910966432103824 55.02480565309018, -1.591776 55.0246511, -1.5924414 55.0244377, -1.5929108 55.0242229, -1.593277 55.0240297, -1.5933319 55.0240004, -1.5935617 55.0238592, -1.5935617 55.0238583, -1.5938392 55.0236436, -1.5938701 55.0236805, -1.5939412 55.0237634, -1.594149 55.0237911, -1.5943617 55.0234826, -1.5946678685665399 55.023037065250115, -1.594806656241757 55.02296833304471, -1.5949581674934312 55.022614684179636, -1.594984 55.0225771, -1.5955839 55.0217164, -1.5960276 55.0212911, -1.5966565 55.0206596, -1.596891 55.0202922, -1.5969423 55.0202284, -1.5973045 55.019778, -1.5974617 55.0195359, -1.5975709 55.0193987, -1.5979043 55.01898, -1.5983554 55.0184438, -1.598713 55.0179778, -1.598906 55.0177263, -1.5990458 55.017561, -1.5991128 55.017334, -1.5991883 55.0171645, -1.5997522 55.015716, -1.6008169 55.0128837, -1.6010118 55.0123608, -1.6011161 55.0119579, -1.6010987 55.0117567, -1.601071 55.0115914, -1.6010212 55.0113805, -1.600887 55.0108419, -1.6006231 55.0103739, -1.6004207 55.0100617, -1.600367322798821 55.009988944417046, -1.60047038792424 55.00974837571849, -1.601077345320729 55.0097424666292, -1.601375267188617 55.00995349988937, -1.610045906037053 55.016549940112164, -1.601143956403384 55.021606193902116, -1.609533188968841 55.02292033523122, -1.625531494923938 55.02331875873197, -1.622814297900713 55.02917035557514, -1.628560041112588 55.029486887875834, -1.626281431861276 55.033412983612266, -1.626684383051456 55.03376604913668, -1.628951878301449 55.034254548103114, -1.6245747181711905 55.04002187307057, -1.624558 55.0400197, -1.6238251 55.0399243, -1.6237268950308956 55.040160777103736, -1.6231180072581972 55.04025775177793, -1.6224195 55.0401587, -1.622716 55.0395217, -1.6229148 55.0390329, -1.6223816 55.0389491, -1.622271 55.0390614, -1.6222612 55.0390714, -1.6221717 55.0391273, -1.6220268 55.0391918, -1.6217964 55.0392475, -1.6214875 55.0393667, -1.6213147 55.0394597, -1.6211931 55.0395632, -1.6206747 55.039782, -1.6194575 55.040461, -1.6189081 55.0406786, -1.6182382 55.0408974, -1.6177797 55.0410349, -1.6171288342081962 55.04121161902783, -1.6169479396961863 55.04124042924073, -1.6166976973281566 55.041268539734546, -1.6158425469849287 55.04119249045277, -1.6136016 55.0409121, -1.6103096 55.0404663, -1.6093047 55.0403708, -1.6059974 55.0401167, -1.6021313 55.0397508, -1.600451 55.0396687, -1.5989356 55.0396309, -1.5976141 55.0395654, -1.5975119229537138 55.039560352535766, -1.5937185775906426 55.0390777000185))"
E01033553,0,2608,All usual residents,E01033553,"POLYGON ((-1.597664773121284 54.97343148142764, -1.607467258415053 54.969319122618195, -1.606524677704576 54.97513043837766, -1.606416249396933 54.97543347706452, -1.603657535129215 54.97467180706868, -1.597664773121284 54.97343148142764))"
E01033554,0,1313,All usual residents,E01033554,"POLYGON ((-1.619288189960205 54.970193913585106, -1.626895932260075 54.968706438632545, -1.629549978636176 54.971731739856075, -1.627884382032782 54.97481912697958, -1.62373568699063 54.97507809105253, -1.621373888504462 54.97366389901238, -1.619288189960205 54.970193913585106))"
E01033556,0,2512,All usual residents,E01033556,"POLYGON ((-1.625177631586368 54.979926314602025, -1.639655407722588 54.98041522197702, -1.639441413845787 54.975682941043544, -1.639671079873249 54.974565532229526, -1.640040033780532 54.97763373915322, -1.64643719233744 54.97922442274093, -1.646934717812446 54.97940697158925, -1.640082266497719 54.98402296861288, -1.63604576693187 54.98152062123356, -1.628859640373799 54.98520268316663, -1.624206094303712 54.98088357720263, -1.625177631586368 54.979926314602025))"
